trade_id,strategy,open_madrid,close_madrid,duration_hours,direction,result,rr,entry_price,sl_price,exit_price,sl_size,sl_pct,exit_reason
1,EMS-base,2017-08-28 19:30:00+0200,2017-09-02 08:00:00+0200,108.5,Long,TP,1.19,4364.81,4273.59,4473.35,91.22,2.0899,H1_EMA100
2,EMS-base,2017-09-05 16:00:00+0200,2017-09-05 17:00:00+0200,1.0,Long,SL,-0.18,4267.23,4050.0,4229.0,217.23,5.0907,H1_EMA100
3,EMS-base,2017-09-10 22:00:00+0200,2017-09-11 00:00:00+0200,2.0,Long,SL,-0.37,4269.36,4072.45,4196.2,196.91,4.6122,H1_EMA100
4,EMS-base,2017-09-15 18:30:00+0200,2017-09-15 19:00:00+0200,0.5,Long,SL,-1.0,3695.0,3608.05,3608.05,86.95,2.3532,STRUCTURAL_SL
5,EMS-base,2017-09-17 19:00:00+0200,2017-09-19 22:00:00+0200,51.0,Long,TP,1.15,3700.0,3535.01,3890.01,164.99,4.4592,H1_EMA100
6,EMS-base,2017-09-20 14:30:00+0200,2017-09-21 02:00:00+0200,11.5,Long,SL,-0.57,3954.16,3859.31,3900.0,94.85,2.3987,H1_EMA100
7,EMS-base,2017-09-23 08:30:00+0200,2017-09-24 06:30:00+0200,22.0,Long,SL,-1.0,3717.1,3666.67,3666.67,50.43,1.3567,STRUCTURAL_SL
8,EMS-base,2017-09-25 05:30:00+0200,2017-09-29 05:00:00+0200,95.5,Long,TP,2.8,3747.94,3655.0,4008.01,92.94,2.4798,H1_EMA100
9,EMS-base,2017-09-29 15:00:00+0200,2017-09-29 15:30:00+0200,0.5,Long,SL,-1.0,4247.11,4180.53,4180.53,66.58,1.5677,STRUCTURAL_SL
10,EMS-base,2017-10-01 22:00:00+0200,2017-10-03 07:30:00+0200,33.5,Long,SL,-1.0,4307.0,4300.0,4300.0,7.0,0.1625,STRUCTURAL_SL
11,EMS-base,2017-10-04 08:30:00+0200,2017-10-04 10:00:00+0200,1.5,Long,SL,-0.68,4371.99,4281.01,4310.01,90.98,2.081,H1_EMA100
12,EMS-base,2017-10-05 15:00:00+0200,2017-10-07 10:00:00+0200,43.0,Long,TP,0.3,4309.14,4226.05,4334.0,83.09,1.9282,H1_EMA100
13,EMS-base,2017-10-08 00:30:00+0200,2017-10-11 07:00:00+0200,78.5,Long,TP,6.44,4392.0,4337.05,4746.0,54.95,1.2511,H1_EMA100
14,EMS-base,2017-10-11 12:00:00+0200,2017-10-11 14:30:00+0200,2.5,Long,SL,-1.0,4818.0,4773.01,4773.01,44.99,0.9338,STRUCTURAL_SL
15,EMS-base,2017-10-11 18:30:00+0200,2017-10-15 11:00:00+0200,88.5,Long,TP,8.89,4840.0,4760.16,5550.01,79.84,1.6496,H1_EMA100
16,EMS-base,2017-10-16 03:30:00+0200,2017-10-16 06:00:00+0200,2.5,Long,SL,-0.51,5696.09,5508.61,5600.05,187.48,3.2914,H1_EMA100
17,EMS-base,2017-10-19 02:00:00+0200,2017-10-19 02:30:00+0200,0.5,Long,SL,-1.0,5513.0,5490.26,5490.26,22.74,0.4125,STRUCTURAL_SL
18,EMS-base,2017-10-23 04:00:00+0200,2017-10-23 05:00:00+0200,1.0,Long,SL,-1.0,6000.02,5940.0,5940.0,60.02,1.0003,STRUCTURAL_SL
19,EMS-base,2017-10-26 00:00:00+0200,2017-10-27 16:00:00+0200,40.0,Long,TP,1.06,5615.03,5497.01,5740.01,118.02,2.1019,H1_EMA100
20,EMS-base,2017-10-29 08:30:00+0100,2017-11-04 03:00:00+0100,138.5,Long,TP,8.38,5790.02,5648.01,6980.06,142.01,2.4527,H1_EMA100
21,EMS-base,2017-11-04 09:00:00+0100,2017-11-04 11:00:00+0100,2.0,Long,SL,-1.0,7174.99,7100.01,7100.01,74.98,1.045,STRUCTURAL_SL
22,EMS-base,2017-11-04 14:30:00+0100,2017-11-05 23:00:00+0100,32.5,Long,TP,0.91,7209.99,7085.0,7324.28,124.99,1.7336,H1_EMA100
23,EMS-base,2017-11-08 03:30:00+0100,2017-11-08 19:30:00+0100,16.0,Long,SL,-1.0,7259.99,7052.11,7052.11,207.88,2.8634,STRUCTURAL_SL
24,EMS-base,2017-11-09 03:30:00+0100,2017-11-09 09:30:00+0100,6.0,Long,SL,-1.0,7375.55,7130.01,7130.01,245.54,3.3291,STRUCTURAL_SL
25,EMS-base,2017-11-10 06:00:00+0100,2017-11-10 06:30:00+0100,0.5,Long,SL,-1.0,7259.9,7191.64,7191.64,68.26,0.9402,STRUCTURAL_SL
26,EMS-base,2017-11-13 08:30:00+0100,2017-11-13 20:00:00+0100,11.5,Long,TP,0.17,6189.26,5944.99,6230.42,244.27,3.9467,H1_EMA100
27,EMS-base,2017-11-18 14:00:00+0100,2017-11-18 14:30:00+0100,0.5,Long,SL,-1.0,7704.01,7660.01,7660.01,44.0,0.5711,STRUCTURAL_SL
28,EMS-base,2017-11-18 19:30:00+0100,2017-11-21 05:00:00+0100,57.5,Long,TP,0.98,7750.02,7603.0,7894.41,147.02,1.897,H1_EMA100
29,EMS-base,2017-11-21 09:30:00+0100,2017-11-21 21:00:00+0100,11.5,Long,SL,-0.59,8180.69,8060.02,8109.83,120.67,1.4751,H1_EMA100
30,EMS-base,2017-11-22 08:00:00+0100,2017-11-22 14:30:00+0100,6.5,Long,SL,-1.0,8215.47,8155.19,8155.19,60.28,0.7337,STRUCTURAL_SL
31,EMS-base,2017-11-23 07:30:00+0100,2017-11-23 08:30:00+0100,1.0,Long,SL,-1.0,8238.01,8142.2,8142.2,95.81,1.163,STRUCTURAL_SL
32,EMS-base,2017-11-24 09:00:00+0100,2017-11-24 10:00:00+0100,1.0,Long,SL,-1.0,8262.02,8002.02,8002.02,260.0,3.1469,STRUCTURAL_SL
33,EMS-base,2017-11-24 20:00:00+0100,2017-11-25 01:00:00+0100,5.0,Long,SL,-0.47,8162.16,8111.0,8138.0,51.16,0.6268,H1_EMA100
34,EMS-base,2017-11-30 06:00:00+0100,2017-11-30 06:30:00+0100,0.5,Long,SL,-1.0,10447.53,10201.0,10201.0,246.53,2.3597,STRUCTURAL_SL
35,EMS-base,2017-12-04 23:30:00+0100,2017-12-09 11:00:00+0100,107.5,Long,TP,23.84,11449.92,11305.2,14899.96,144.72,1.2639,H1_EMA100
36,EMS-base,2017-12-10 16:30:00+0100,2017-12-10 23:00:00+0100,6.5,Long,SL,-0.53,15347.85,13357.98,14294.5,1989.87,12.9651,H1_EMA100
37,EMS-base,2017-12-12 19:30:00+0100,2017-12-13 02:30:00+0100,7.0,Long,SL,-1.0,16579.98,16000.0,16000.0,579.98,3.4981,STRUCTURAL_SL
38,EMS-base,2017-12-14 13:00:00+0100,2017-12-14 16:00:00+0100,3.0,Long,SL,-1.0,16098.95,15840.43,15840.43,258.52,1.6058,STRUCTURAL_SL
39,EMS-base,2017-12-18 14:30:00+0100,2017-12-18 15:00:00+0100,0.5,Long,SL,-1.0,19161.0,18510.05,18510.05,650.95,3.3973,STRUCTURAL_SL
40,EMS-base,2017-12-25 06:30:00+0100,2017-12-25 16:00:00+0100,9.5,Long,SL,-0.36,13406.74,12708.0,13155.0,698.74,5.2119,H1_EMA100
41,EMS-base,2017-12-29 05:00:00+0100,2017-12-29 11:00:00+0100,6.0,Long,SL,-0.71,14715.49,14008.0,14214.69,707.49,4.8078,H1_EMA100
42,EMS-base,2017-12-29 17:00:00+0100,2017-12-29 22:00:00+0100,5.0,Long,SL,-0.63,14557.52,14204.99,14335.02,352.53,2.4216,H1_EMA100
43,EMS-base,2017-12-31 16:00:00+0100,2018-01-01 03:00:00+0100,11.0,Long,SL,-0.33,13328.28,12949.98,13203.06,378.3,2.8383,H1_EMA100
44,EMS-base,2018-01-02 01:00:00+0100,2018-01-02 04:00:00+0100,3.0,Long,SL,-1.0,13382.16,13355.01,13355.01,27.15,0.2029,STRUCTURAL_SL
45,EMS-base,2018-01-02 11:30:00+0100,2018-01-04 10:00:00+0100,46.5,Long,TP,3.22,13520.01,13302.59,14221.05,217.42,1.6081,H1_EMA100
46,EMS-base,2018-01-04 21:30:00+0100,2018-01-04 23:00:00+0100,1.5,Long,SL,-1.0,15000.99,14720.05,14720.05,280.94,1.8728,STRUCTURAL_SL
47,EMS-base,2018-01-12 12:00:00+0100,2018-01-12 15:00:00+0100,3.0,Long,SL,-0.2,13940.0,13301.99,13811.74,638.01,4.5768,H1_EMA100
48,EMS-base,2018-01-12 22:00:00+0100,2018-01-12 23:00:00+0100,1.0,Long,SL,-0.34,13880.01,13350.0,13700.81,530.01,3.8185,H1_EMA100
49,EMS-base,2018-01-15 13:00:00+0100,2018-01-15 22:00:00+0100,9.0,Long,SL,-0.02,13645.0,13147.79,13635.73,497.21,3.6439,H1_EMA100
50,EMS-base,2018-01-18 02:00:00+0100,2018-01-18 05:00:00+0100,3.0,Long,SL,-0.4,11159.0,10650.0,10955.45,509.0,4.5613,H1_EMA100
51,EMS-base,2018-01-23 19:00:00+0100,2018-01-24 01:00:00+0100,6.0,Long,SL,-0.3,11129.62,10016.87,10799.18,1112.75,9.9981,H1_EMA100
52,EMS-base,2018-01-24 08:30:00+0100,2018-01-24 10:00:00+0100,1.5,Long,SL,-0.18,10932.85,10620.27,10875.39,312.58,2.8591,H1_EMA100
53,EMS-base,2018-01-26 02:00:00+0100,2018-01-26 08:30:00+0100,6.5,Long,SL,-1.0,11370.89,11111.0,11111.0,259.89,2.2856,STRUCTURAL_SL
54,EMS-base,2018-02-03 13:00:00+0100,2018-02-04 00:00:00+0100,11.0,Long,SL,-0.05,9099.87,8729.68,9080.49,370.19,4.0681,H1_EMA100
55,EMS-base,2018-02-11 21:00:00+0100,2018-02-11 22:00:00+0100,1.0,Long,SL,-0.28,8285.0,8151.2,8246.92,133.8,1.615,H1_EMA100
56,EMS-base,2018-02-12 03:30:00+0100,2018-02-13 10:00:00+0100,30.5,Long,TP,0.3,8411.09,8015.0,8531.12,396.09,4.7091,H1_EMA100
57,EMS-base,2018-02-14 04:00:00+0100,2018-02-18 07:00:00+0100,99.0,Long,TP,18.46,8689.78,8601.01,10328.34,88.77,1.0215,H1_EMA100
58,EMS-base,2018-02-18 20:00:00+0100,2018-02-18 23:30:00+0100,3.5,Long,SL,-1.0,10743.04,10550.0,10550.0,193.04,1.7969,STRUCTURAL_SL
59,EMS-base,2018-02-19 10:00:00+0100,2018-02-21 01:00:00+0100,39.0,Long,TP,1.06,10779.71,10381.0,11200.99,398.71,3.6987,H1_EMA100
60,EMS-base,2018-02-26 14:00:00+0100,2018-02-28 14:00:00+0100,48.0,Long,TP,2.46,9859.97,9640.01,10400.01,219.96,2.2308,H1_EMA100
61,EMS-base,2018-03-01 11:30:00+0100,2018-03-02 16:00:00+0100,28.5,Long,TP,1.2,10669.0,10581.0,10774.99,88.0,0.8248,H1_EMA100
62,EMS-base,2018-03-04 21:30:00+0100,2018-03-06 02:00:00+0100,28.5,Long,SL,-0.45,11442.0,11135.0,11304.0,307.0,2.6831,H1_EMA100
63,EMS-base,2018-03-11 15:30:00+0100,2018-03-11 16:30:00+0100,1.0,Long,SL,-1.0,9220.0,9109.33,9109.33,110.67,1.2003,STRUCTURAL_SL
64,EMS-base,2018-03-14 03:30:00+0100,2018-03-14 05:00:00+0100,1.5,Long,SL,-1.0,9250.16,9120.06,9120.06,130.1,1.4065,STRUCTURAL_SL
65,EMS-base,2018-03-19 00:30:00+0100,2018-03-22 11:00:00+0100,82.5,Long,TP,0.67,8220.0,7379.82,8785.01,840.18,10.2212,H1_EMA100
66,EMS-base,2018-03-28 13:30:00+0200,2018-03-28 15:00:00+0200,1.5,Long,SL,-0.24,8064.59,7850.1,8012.45,214.49,2.6597,H1_EMA100
67,EMS-base,2018-04-02 03:30:00+0200,2018-04-02 07:00:00+0200,3.5,Long,SL,-0.41,6964.99,6765.0,6882.18,199.99,2.8714,H1_EMA100
68,EMS-base,2018-04-07 04:30:00+0200,2018-04-09 13:00:00+0200,56.5,Long,SL,-0.22,6836.0,6586.28,6782.0,249.72,3.653,H1_EMA100
69,EMS-base,2018-04-10 20:00:00+0200,2018-04-10 22:00:00+0200,2.0,Long,SL,-1.0,6867.49,6809.6,6809.6,57.89,0.843,STRUCTURAL_SL
70,EMS-base,2018-04-12 13:30:00+0200,2018-04-16 05:00:00+0200,87.5,Long,TP,0.85,7520.0,6818.8,8119.0,701.2,9.3245,H1_EMA100
71,EMS-base,2018-04-17 11:30:00+0200,2018-04-17 12:00:00+0200,0.5,Long,SL,-1.0,8148.0,8129.0,8129.0,19.0,0.2332,STRUCTURAL_SL
72,EMS-base,2018-04-18 11:30:00+0200,2018-04-18 17:00:00+0200,5.5,Long,SL,-0.53,8085.0,7868.0,7970.91,217.0,2.684,H1_EMA100
73,EMS-base,2018-04-23 05:30:00+0200,2018-04-25 07:00:00+0200,49.5,Long,TP,3.83,8872.49,8787.01,9200.0,85.48,0.9634,H1_EMA100
74,EMS-base,2018-04-26 23:30:00+0200,2018-04-27 22:00:00+0200,22.5,Long,SL,-0.23,9167.02,8834.02,9089.0,333.0,3.6326,H1_EMA100
75,EMS-base,2018-04-28 11:30:00+0200,2018-04-29 11:00:00+0200,23.5,Long,TP,0.08,9270.0,9081.02,9285.47,188.98,2.0386,H1_EMA100
76,EMS-base,2018-04-30 01:00:00+0200,2018-04-30 05:30:00+0200,4.5,Long,SL,-1.0,9407.72,9324.0,9324.0,83.72,0.8899,STRUCTURAL_SL
77,EMS-base,2018-04-30 22:30:00+0200,2018-04-30 23:00:00+0200,0.5,Long,SL,-1.0,9323.56,9277.37,9277.37,46.19,0.4954,STRUCTURAL_SL
78,EMS-base,2018-05-09 16:00:00+0200,2018-05-10 19:30:00+0200,27.5,Long,SL,-1.0,9276.0,9100.0,9100.0,176.0,1.8974,STRUCTURAL_SL
79,EMS-base,2018-05-13 12:30:00+0200,2018-05-13 20:00:00+0200,7.5,Long,SL,-0.03,8554.99,8379.99,8549.0,175.0,2.0456,H1_EMA100
80,EMS-base,2018-05-14 17:30:00+0200,2018-05-15 17:00:00+0200,23.5,Long,SL,-0.57,8762.0,8300.0,8500.0,462.0,5.2728,H1_EMA100
81,EMS-base,2018-05-18 22:30:00+0200,2018-05-19 04:00:00+0200,5.5,Long,SL,-0.28,8220.0,8075.0,8180.01,145.0,1.764,H1_EMA100
82,EMS-base,2018-05-26 11:00:00+0200,2018-05-26 15:00:00+0200,4.0,Long,SL,-0.17,7543.24,7405.0,7520.42,138.24,1.8326,H1_EMA100
83,EMS-base,2018-05-29 14:30:00+0200,2018-05-30 17:00:00+0200,26.5,Long,SL,-0.04,7387.0,7094.7,7374.45,292.3,3.957,H1_EMA100
84,EMS-base,2018-05-31 08:00:00+0200,2018-06-01 01:00:00+0200,17.0,Long,SL,-0.35,7497.21,7358.89,7449.27,138.32,1.845,H1_EMA100
85,EMS-base,2018-06-02 05:30:00+0200,2018-06-02 08:00:00+0200,2.5,Long,SL,-1.0,7503.85,7480.01,7480.01,23.84,0.3177,STRUCTURAL_SL
86,EMS-base,2018-06-05 20:00:00+0200,2018-06-06 18:00:00+0200,22.0,Long,SL,-1.0,7620.0,7533.98,7533.98,86.02,1.1289,STRUCTURAL_SL
87,EMS-base,2018-06-07 00:00:00+0200,2018-06-08 06:00:00+0200,30.0,Long,SL,-0.21,7664.98,7502.02,7630.5,162.96,2.126,H1_EMA100
88,EMS-base,2018-06-09 04:30:00+0200,2018-06-09 11:00:00+0200,6.5,Long,SL,-0.97,7664.0,7613.65,7615.02,50.35,0.657,H1_EMA100
89,EMS-base,2018-06-14 19:30:00+0200,2018-06-15 14:00:00+0200,18.5,Long,SL,-0.23,6600.0,6275.16,6525.0,324.84,4.9218,H1_EMA100
90,EMS-base,2018-06-16 22:30:00+0200,2018-06-17 01:30:00+0200,3.0,Long,SL,-1.0,6504.64,6476.0,6476.0,28.64,0.4403,STRUCTURAL_SL
91,EMS-base,2018-06-20 17:00:00+0200,2018-06-21 20:00:00+0200,27.0,Long,SL,-0.3,6759.89,6572.0,6703.98,187.89,2.7795,H1_EMA100
92,EMS-base,2018-06-24 21:30:00+0200,2018-06-25 15:00:00+0200,17.5,Long,SL,-0.13,6164.99,5750.0,6110.0,414.99,6.7314,H1_EMA100
93,EMS-base,2018-06-28 02:00:00+0200,2018-06-28 04:30:00+0200,2.5,Long,SL,-1.0,6134.73,6110.33,6110.33,24.4,0.3977,STRUCTURAL_SL
94,EMS-base,2018-06-30 01:00:00+0200,2018-07-02 08:00:00+0200,55.0,Long,TP,0.14,6246.99,5915.54,6293.1,331.45,5.3058,H1_EMA100
95,EMS-base,2018-07-02 15:00:00+0200,2018-07-04 01:00:00+0200,34.0,Long,TP,3.81,6350.0,6315.27,6482.31,34.73,0.5469,H1_EMA100
96,EMS-base,2018-07-04 16:00:00+0200,2018-07-05 03:00:00+0200,11.0,Long,SL,-0.72,6713.5,6501.0,6560.14,212.5,3.1653,H1_EMA100
97,EMS-base,2018-07-06 19:30:00+0200,2018-07-06 20:00:00+0200,0.5,Long,SL,-1.0,6570.03,6537.24,6537.24,32.79,0.4991,STRUCTURAL_SL
98,EMS-base,2018-07-08 01:30:00+0200,2018-07-10 02:00:00+0200,48.5,Long,SL,-0.44,6775.68,6520.43,6662.12,255.25,3.7671,H1_EMA100
99,EMS-base,2018-07-21 19:30:00+0200,2018-07-22 02:00:00+0200,6.5,Long,SL,-1.0,7406.75,7350.0,7350.0,56.75,0.7662,STRUCTURAL_SL
100,EMS-base,2018-07-26 01:00:00+0200,2018-07-26 22:30:00+0200,21.5,Long,SL,-1.0,8270.86,8124.0,8124.0,146.86,1.7756,STRUCTURAL_SL
101,EMS-base,2018-07-27 20:00:00+0200,2018-07-28 16:30:00+0200,20.5,Long,SL,-1.0,8177.93,8111.93,8111.93,66.0,0.8071,STRUCTURAL_SL
102,EMS-base,2018-07-29 16:00:00+0200,2018-07-30 02:00:00+0200,10.0,Long,SL,-1.0,8203.01,8115.0,8115.0,88.01,1.0729,STRUCTURAL_SL
103,EMS-base,2018-08-06 04:30:00+0200,2018-08-06 06:00:00+0200,1.5,Long,SL,-0.47,7130.5,7040.0,7087.99,90.5,1.2692,H1_EMA100
104,EMS-base,2018-08-07 10:30:00+0200,2018-08-07 21:30:00+0200,11.0,Long,SL,-1.0,7048.0,7011.0,7011.0,37.0,0.525,STRUCTURAL_SL
105,EMS-base,2018-08-11 21:00:00+0200,2018-08-12 02:00:00+0200,5.0,Long,SL,-0.48,6385.7,6064.75,6232.35,320.95,5.0261,H1_EMA100
106,EMS-base,2018-08-15 03:00:00+0200,2018-08-16 02:00:00+0200,23.0,Long,TP,0.33,6215.72,6061.55,6267.16,154.17,2.4803,H1_EMA100
107,EMS-base,2018-08-16 10:00:00+0200,2018-08-16 15:00:00+0200,5.0,Long,SL,-0.58,6371.71,6267.0,6310.8,104.71,1.6434,H1_EMA100
108,EMS-base,2018-08-17 05:30:00+0200,2018-08-18 15:30:00+0200,34.0,Long,SL,-1.0,6434.0,6325.03,6325.03,108.97,1.6937,STRUCTURAL_SL
109,EMS-base,2018-08-19 16:30:00+0200,2018-08-19 17:00:00+0200,0.5,Long,SL,-1.0,6442.42,6395.0,6395.0,47.42,0.7361,STRUCTURAL_SL
110,EMS-base,2018-08-19 23:00:00+0200,2018-08-20 12:00:00+0200,13.0,Long,SL,-0.69,6527.01,6357.55,6410.0,169.46,2.5963,H1_EMA100
111,EMS-base,2018-08-20 19:00:00+0200,2018-08-20 23:30:00+0200,4.5,Long,SL,-1.0,6479.0,6408.13,6408.13,70.87,1.0938,STRUCTURAL_SL
112,EMS-base,2018-08-21 13:00:00+0200,2018-08-21 15:00:00+0200,2.0,Long,SL,-1.0,6443.64,6406.47,6406.47,37.17,0.5768,STRUCTURAL_SL
113,EMS-base,2018-08-24 00:30:00+0200,2018-08-24 16:30:00+0200,16.0,Long,SL,-1.0,6515.26,6459.76,6459.76,55.5,0.8518,STRUCTURAL_SL
114,EMS-base,2018-08-26 16:00:00+0200,2018-08-26 18:00:00+0200,2.0,Long,SL,-1.0,6723.09,6670.01,6670.01,53.08,0.7895,STRUCTURAL_SL
115,EMS-base,2018-08-30 00:00:00+0200,2018-08-30 01:00:00+0200,1.0,Long,SL,-1.0,7049.8,7029.08,7029.08,20.72,0.2939,STRUCTURAL_SL
116,EMS-base,2018-08-31 07:00:00+0200,2018-08-31 10:30:00+0200,3.5,Long,SL,-1.0,7010.11,6955.44,6955.44,54.67,0.7799,STRUCTURAL_SL
117,EMS-base,2018-09-09 15:00:00+0200,2018-09-10 00:00:00+0200,9.0,Long,SL,-1.0,6391.7,6347.48,6347.48,44.22,0.6918,STRUCTURAL_SL
118,EMS-base,2018-09-11 04:00:00+0200,2018-09-11 10:00:00+0200,6.0,Long,SL,-0.78,6385.47,6289.0,6310.19,96.47,1.5108,H1_EMA100
119,EMS-base,2018-09-12 20:30:00+0200,2018-09-14 11:00:00+0200,38.5,Long,TP,2.37,6307.08,6261.6,6414.66,45.48,0.7211,H1_EMA100
120,EMS-base,2018-09-17 02:00:00+0200,2018-09-17 06:00:00+0200,4.0,Long,SL,-1.0,6500.08,6477.22,6477.22,22.86,0.3517,STRUCTURAL_SL
121,EMS-base,2018-09-18 18:30:00+0200,2018-09-18 20:00:00+0200,1.5,Long,SL,-0.25,6353.32,6234.44,6323.6,118.88,1.8711,H1_EMA100
122,EMS-base,2018-09-19 22:00:00+0200,2018-09-20 23:00:00+0200,25.0,Long,SL,-0.12,6412.14,6123.0,6378.47,289.14,4.5093,H1_EMA100
123,EMS-base,2018-09-22 20:30:00+0200,2018-09-23 18:00:00+0200,21.5,Long,SL,-0.49,6730.0,6640.0,6685.94,90.0,1.3373,H1_EMA100
124,EMS-base,2018-09-27 14:00:00+0200,2018-09-29 04:00:00+0200,38.0,Long,TP,0.04,6488.93,6463.0,6490.01,25.93,0.3996,H1_EMA100
125,EMS-base,2018-09-30 00:00:00+0200,2018-09-30 02:00:00+0200,2.0,Long,SL,-1.0,6598.97,6577.55,6577.55,21.42,0.3246,STRUCTURAL_SL
126,EMS-base,2018-09-30 12:30:00+0200,2018-09-30 22:00:00+0200,9.5,Long,SL,-1.0,6608.33,6575.52,6575.52,32.81,0.4965,STRUCTURAL_SL
127,EMS-base,2018-10-02 05:30:00+0200,2018-10-02 11:00:00+0200,5.5,Long,SL,-0.41,6614.51,6584.17,6602.06,30.34,0.4587,H1_EMA100
128,EMS-base,2018-10-04 04:00:00+0200,2018-10-05 11:00:00+0200,31.0,Long,SL,-0.26,6593.09,6504.0,6570.0,89.09,1.3513,H1_EMA100
129,EMS-base,2018-10-08 01:00:00+0200,2018-10-09 15:00:00+0200,38.0,Long,TP,3.62,6592.0,6580.38,6634.1,11.62,0.1763,H1_EMA100
130,EMS-base,2018-10-10 00:00:00+0200,2018-10-10 02:00:00+0200,2.0,Long,SL,-1.0,6658.99,6645.43,6645.43,13.56,0.2036,STRUCTURAL_SL
131,EMS-base,2018-10-10 23:30:00+0200,2018-10-11 01:00:00+0200,1.5,Long,SL,-0.17,6626.0,6582.0,6618.51,44.0,0.6641,H1_EMA100
132,EMS-base,2018-10-17 04:00:00+0200,2018-10-17 12:00:00+0200,8.0,Long,SL,-1.0,6754.0,6705.39,6705.39,48.61,0.7197,STRUCTURAL_SL
133,EMS-base,2018-10-18 05:30:00+0200,2018-10-18 07:30:00+0200,2.0,Long,SL,-1.0,6777.99,6728.49,6728.49,49.5,0.7303,STRUCTURAL_SL
134,EMS-base,2018-10-20 16:00:00+0200,2018-10-20 17:00:00+0200,1.0,Long,SL,-0.66,6608.01,6580.31,6589.69,27.7,0.4192,H1_EMA100
135,EMS-base,2018-10-22 08:30:00+0200,2018-10-22 09:30:00+0200,1.0,Long,SL,-1.0,6635.07,6618.0,6618.0,17.07,0.2573,STRUCTURAL_SL
136,EMS-base,2018-10-24 07:00:00+0200,2018-10-24 18:00:00+0200,11.0,Long,SL,-0.78,6619.97,6570.15,6581.0,49.82,0.7526,H1_EMA100
137,EMS-base,2018-10-27 09:00:00+0200,2018-10-27 10:00:00+0200,1.0,Long,SL,-0.51,6549.87,6540.46,6545.09,9.41,0.1437,H1_EMA100
138,EMS-base,2018-11-12 02:30:00+0100,2018-11-12 12:00:00+0100,9.5,Long,SL,-0.24,6450.32,6404.0,6439.26,46.32,0.7181,H1_EMA100
139,EMS-base,2018-11-24 03:00:00+0100,2018-11-24 04:00:00+0100,1.0,Long,SL,-0.72,4495.08,4412.37,4435.6,82.71,1.84,H1_EMA100
140,EMS-base,2018-12-01 13:30:00+0100,2018-12-02 06:00:00+0100,16.5,Long,SL,-1.0,4194.23,4155.01,4155.01,39.22,0.9351,STRUCTURAL_SL
141,EMS-base,2018-12-02 22:30:00+0100,2018-12-02 23:00:00+0100,0.5,Long,SL,-1.0,4191.91,4166.5,4166.5,25.41,0.6062,STRUCTURAL_SL
142,EMS-base,2018-12-16 04:00:00+0100,2018-12-16 10:00:00+0100,6.0,Long,SL,-0.16,3256.9,3186.0,3245.7,70.9,2.1769,H1_EMA100
143,EMS-base,2018-12-17 07:30:00+0100,2018-12-21 21:00:00+0100,109.5,Long,TP,24.55,3260.19,3237.95,3806.27,22.24,0.6822,H1_EMA100
144,EMS-base,2018-12-23 01:00:00+0100,2018-12-23 17:00:00+0100,16.0,Long,SL,-0.32,3948.91,3819.0,3907.51,129.91,3.2898,H1_EMA100
145,EMS-base,2018-12-28 17:30:00+0100,2018-12-30 01:00:00+0100,31.5,Long,SL,-0.47,3802.37,3576.51,3695.32,225.86,5.94,H1_EMA100
146,EMS-base,2018-12-30 18:30:00+0100,2018-12-30 20:30:00+0100,2.0,Long,SL,-1.0,3781.98,3742.3,3742.3,39.68,1.0492,STRUCTURAL_SL
147,EMS-base,2019-01-05 01:00:00+0100,2019-01-05 11:00:00+0100,10.0,Long,SL,-1.0,3790.09,3778.51,3778.51,11.58,0.3055,STRUCTURAL_SL
148,EMS-base,2019-01-06 14:00:00+0100,2019-01-09 16:00:00+0100,74.0,Long,TP,7.93,3791.12,3770.93,3951.22,20.19,0.5326,H1_EMA100
149,EMS-base,2019-01-10 04:00:00+0100,2019-01-10 07:00:00+0100,3.0,Long,SL,-1.0,3981.0,3961.88,3961.88,19.12,0.4803,STRUCTURAL_SL
150,EMS-base,2019-01-14 17:30:00+0100,2019-01-15 22:00:00+0100,28.5,Long,SL,-0.65,3616.2,3487.0,3532.59,129.2,3.5728,H1_EMA100
151,EMS-base,2019-01-16 13:30:00+0100,2019-01-16 14:30:00+0100,1.0,Long,SL,-1.0,3613.83,3583.5,3583.5,30.33,0.8393,STRUCTURAL_SL
152,EMS-base,2019-01-17 01:00:00+0100,2019-01-17 03:30:00+0100,2.5,Long,SL,-1.0,3591.84,3576.28,3576.28,15.56,0.4332,STRUCTURAL_SL
153,EMS-base,2019-01-17 19:00:00+0100,2019-01-18 14:00:00+0100,19.0,Long,SL,-0.22,3594.02,3573.0,3589.3,21.02,0.5849,H1_EMA100
154,EMS-base,2019-01-19 00:30:00+0100,2019-01-20 12:30:00+0100,36.0,Long,SL,-1.0,3603.46,3593.45,3593.45,10.01,0.2778,STRUCTURAL_SL
155,EMS-base,2019-01-22 15:30:00+0100,2019-01-23 17:00:00+0100,25.5,Long,SL,-0.52,3563.06,3535.94,3549.07,27.12,0.7611,H1_EMA100
156,EMS-base,2019-01-24 15:00:00+0100,2019-01-24 17:00:00+0100,2.0,Long,SL,-0.24,3560.15,3532.6,3553.41,27.55,0.7738,H1_EMA100
157,EMS-base,2019-01-26 00:00:00+0100,2019-01-26 16:00:00+0100,16.0,Long,SL,-1.0,3569.73,3559.43,3559.43,10.3,0.2885,STRUCTURAL_SL
158,EMS-base,2019-01-30 07:00:00+0100,2019-01-30 08:00:00+0100,1.0,Long,SL,-0.87,3434.13,3421.54,3423.22,12.59,0.3666,H1_EMA100
159,EMS-base,2019-02-01 13:00:00+0100,2019-02-02 07:00:00+0100,18.0,Long,SL,-0.28,3460.56,3429.83,3452.0,30.73,0.888,H1_EMA100
160,EMS-base,2019-02-04 20:00:00+0100,2019-02-04 23:00:00+0100,3.0,Long,SL,-1.0,3467.99,3457.51,3457.51,10.48,0.3022,STRUCTURAL_SL
161,EMS-base,2019-02-06 00:30:00+0100,2019-02-06 01:00:00+0100,0.5,Long,SL,-1.0,3465.87,3455.42,3455.42,10.45,0.3015,STRUCTURAL_SL
162,EMS-base,2019-02-08 10:30:00+0100,2019-02-11 05:00:00+0100,66.5,Long,TP,4.79,3433.37,3393.77,3623.11,39.6,1.1534,H1_EMA100
163,EMS-base,2019-02-11 17:00:00+0100,2019-02-11 17:30:00+0100,0.5,Long,SL,-1.0,3642.99,3623.5,3623.5,19.49,0.535,STRUCTURAL_SL
164,EMS-base,2019-02-11 20:30:00+0100,2019-02-11 22:30:00+0100,2.0,Long,SL,-1.0,3642.63,3632.35,3632.35,10.28,0.2822,STRUCTURAL_SL
165,EMS-base,2019-02-12 20:30:00+0100,2019-02-12 22:30:00+0100,2.0,Long,SL,-1.0,3641.27,3625.5,3625.5,15.77,0.4331,STRUCTURAL_SL
166,EMS-base,2019-02-15 06:00:00+0100,2019-02-15 11:00:00+0100,5.0,Long,SL,-0.81,3619.64,3600.01,3603.67,19.63,0.5423,H1_EMA100
167,EMS-base,2019-02-16 04:00:00+0100,2019-02-17 14:00:00+0100,34.0,Long,TP,0.12,3612.19,3604.87,3613.07,7.32,0.2026,H1_EMA100
168,EMS-base,2019-02-18 00:00:00+0100,2019-02-21 11:00:00+0100,83.0,Long,TP,15.66,3641.25,3623.27,3922.78,17.98,0.4938,H1_EMA100
169,EMS-base,2019-02-22 04:00:00+0100,2019-02-22 08:00:00+0100,4.0,Long,SL,-1.0,3957.14,3931.4,3931.4,25.74,0.6505,STRUCTURAL_SL
170,EMS-base,2019-02-23 18:30:00+0100,2019-02-24 15:00:00+0100,20.5,Long,SL,-1.0,4010.64,3933.45,3933.45,77.19,1.9246,STRUCTURAL_SL
171,EMS-base,2019-03-03 03:30:00+0100,2019-03-03 06:00:00+0100,2.5,Long,SL,-0.4,3827.27,3813.47,3821.78,13.8,0.3606,H1_EMA100
172,EMS-base,2019-03-09 08:30:00+0100,2019-03-10 08:00:00+0100,23.5,Long,SL,-0.6,3929.77,3877.65,3898.74,52.12,1.3263,H1_EMA100
173,EMS-base,2019-03-11 00:00:00+0100,2019-03-11 05:30:00+0100,5.5,Long,SL,-1.0,3919.18,3913.18,3913.18,6.0,0.1531,STRUCTURAL_SL
174,EMS-base,2019-03-12 14:30:00+0100,2019-03-12 16:30:00+0100,2.0,Long,SL,-1.0,3892.94,3883.0,3883.0,9.94,0.2553,STRUCTURAL_SL
175,EMS-base,2019-03-13 05:00:00+0100,2019-03-13 06:00:00+0100,1.0,Long,SL,-0.53,3887.89,3875.0,3881.0,12.89,0.3315,H1_EMA100
176,EMS-base,2019-03-14 17:30:00+0100,2019-03-18 07:00:00+0100,85.5,Long,TP,1.17,3881.0,3810.43,3963.68,70.57,1.8183,H1_EMA100
177,EMS-base,2019-03-19 01:30:00+0100,2019-03-19 05:00:00+0100,3.5,Long,SL,-1.0,3991.11,3982.04,3982.04,9.07,0.2273,STRUCTURAL_SL
178,EMS-base,2019-03-19 11:30:00+0100,2019-03-19 14:00:00+0100,2.5,Long,SL,-0.51,3992.92,3974.43,3983.57,18.49,0.4631,H1_EMA100
179,EMS-base,2019-03-22 20:30:00+0100,2019-03-22 21:00:00+0100,0.5,Long,SL,-1.0,3997.51,3990.03,3990.03,7.48,0.1871,STRUCTURAL_SL
180,EMS-base,2019-03-23 04:30:00+0100,2019-03-23 06:00:00+0100,1.5,Long,SL,-0.45,4000.74,3986.5,3994.36,14.24,0.3559,H1_EMA100
181,EMS-base,2019-03-23 17:00:00+0100,2019-03-23 18:00:00+0100,1.0,Long,SL,-0.55,4001.5,3981.5,3990.52,20.0,0.4998,H1_EMA100
182,EMS-base,2019-03-24 01:00:00+0100,2019-03-24 02:30:00+0100,1.5,Long,SL,-1.0,4006.01,3993.01,3993.01,13.0,0.3245,STRUCTURAL_SL
183,EMS-base,2019-03-25 05:00:00+0100,2019-03-25 05:30:00+0100,0.5,Long,SL,-1.0,3995.93,3988.36,3988.36,7.57,0.1894,STRUCTURAL_SL
184,EMS-base,2019-03-27 02:30:00+0100,2019-04-04 20:00:00+0200,208.5,Long,TP,20.29,3979.98,3936.15,4869.24,43.83,1.1013,H1_EMA100
185,EMS-base,2019-04-05 10:30:00+0200,2019-04-08 14:00:00+0200,75.5,Long,TP,1.0,4963.22,4880.62,5046.16,82.6,1.6642,H1_EMA100
186,EMS-base,2019-04-08 17:00:00+0200,2019-04-09 07:00:00+0200,14.0,Long,SL,-0.46,5189.06,5106.21,5150.63,82.85,1.5966,H1_EMA100
187,EMS-base,2019-04-09 22:30:00+0200,2019-04-10 00:00:00+0200,1.5,Long,SL,-1.0,5180.28,5156.0,5156.0,24.28,0.4687,STRUCTURAL_SL
188,EMS-base,2019-04-10 03:30:00+0200,2019-04-11 05:30:00+0200,26.0,Long,SL,-1.0,5181.47,5158.46,5158.46,23.01,0.4441,STRUCTURAL_SL
189,EMS-base,2019-04-13 17:00:00+0200,2019-04-13 18:00:00+0200,1.0,Long,SL,-0.32,5064.0,5025.0,5051.65,39.0,0.7701,H1_EMA100
190,EMS-base,2019-04-14 16:30:00+0200,2019-04-15 19:30:00+0200,27.0,Long,SL,-1.0,5052.45,5034.45,5034.45,18.0,0.3563,STRUCTURAL_SL
191,EMS-base,2019-04-16 19:30:00+0200,2019-04-19 04:00:00+0200,56.5,Long,TP,0.43,5154.2,5060.0,5194.51,94.2,1.8276,H1_EMA100
192,EMS-base,2019-04-19 13:30:00+0200,2019-04-19 14:30:00+0200,1.0,Long,SL,-1.0,5248.91,5221.0,5221.0,27.91,0.5317,STRUCTURAL_SL
193,EMS-base,2019-04-22 12:00:00+0200,2019-04-24 10:00:00+0200,46.0,Long,TP,5.88,5266.4,5240.0,5421.59,26.4,0.5013,H1_EMA100
194,EMS-base,2019-04-25 19:00:00+0200,2019-04-25 23:30:00+0200,4.5,Long,SL,-1.0,5458.22,5425.94,5425.94,32.28,0.5914,STRUCTURAL_SL
195,EMS-base,2019-04-27 22:00:00+0200,2019-04-28 01:30:00+0200,3.5,Long,SL,-1.0,5328.9,5297.8,5297.8,31.1,0.5836,STRUCTURAL_SL
196,EMS-base,2019-04-29 04:00:00+0200,2019-04-29 10:00:00+0200,6.0,Long,SL,-0.76,5318.1,5296.16,5301.46,21.94,0.4126,H1_EMA100
197,EMS-base,2019-04-30 15:30:00+0200,2019-05-04 16:00:00+0200,96.5,Long,TP,5.82,5310.01,5254.68,5631.99,55.33,1.042,H1_EMA100
198,EMS-base,2019-05-05 01:00:00+0200,2019-05-05 02:00:00+0200,1.0,Long,SL,-1.0,5861.87,5786.42,5786.42,75.45,1.2871,STRUCTURAL_SL
199,EMS-base,2019-05-05 22:30:00+0200,2019-05-06 02:30:00+0200,4.0,Long,SL,-1.0,5798.99,5760.0,5760.0,38.99,0.6724,STRUCTURAL_SL
200,EMS-base,2019-05-06 20:30:00+0200,2019-05-08 02:00:00+0200,29.5,Long,TP,1.32,5767.69,5708.0,5846.34,59.69,1.0349,H1_EMA100
201,EMS-base,2019-05-12 23:00:00+0200,2019-05-13 00:00:00+0200,1.0,Long,SL,-1.0,7159.81,6957.26,6957.26,202.55,2.829,STRUCTURAL_SL
202,EMS-base,2019-05-13 07:30:00+0200,2019-05-13 09:30:00+0200,2.0,Long,SL,-1.0,7112.31,7012.62,7012.62,99.69,1.4017,STRUCTURAL_SL
203,EMS-base,2019-05-13 12:00:00+0200,2019-05-16 13:00:00+0200,73.0,Long,TP,8.97,7072.46,6983.91,7867.14,88.55,1.252,H1_EMA100
204,EMS-base,2019-05-21 00:30:00+0200,2019-05-21 13:30:00+0200,13.0,Long,SL,-1.0,8000.44,7778.0,7778.0,222.44,2.7803,STRUCTURAL_SL
205,EMS-base,2019-05-23 22:00:00+0200,2019-05-26 06:00:00+0200,56.0,Long,TP,3.6,7759.16,7702.0,7965.0,57.16,0.7367,H1_EMA100
206,EMS-base,2019-05-26 21:30:00+0200,2019-05-29 07:00:00+0200,57.5,Long,TP,2.02,8161.52,7957.76,8572.45,203.76,2.4966,H1_EMA100
207,EMS-base,2019-05-29 17:30:00+0200,2019-05-29 22:30:00+0200,5.0,Long,SL,-1.0,8700.54,8609.47,8609.47,91.07,1.0467,STRUCTURAL_SL
208,EMS-base,2019-05-30 03:00:00+0200,2019-05-30 03:30:00+0200,0.5,Long,SL,-1.0,8672.08,8590.0,8590.0,82.08,0.9465,STRUCTURAL_SL
209,EMS-base,2019-05-30 08:00:00+0200,2019-05-30 18:00:00+0200,10.0,Long,SL,-1.0,8705.01,8653.74,8653.74,51.27,0.589,STRUCTURAL_SL
210,EMS-base,2019-05-31 23:30:00+0200,2019-06-01 08:00:00+0200,8.5,Long,SL,-0.48,8528.27,8420.03,8476.28,108.24,1.2692,H1_EMA100
211,EMS-base,2019-06-10 14:30:00+0200,2019-06-11 13:00:00+0200,22.5,Long,SL,-0.41,7936.91,7596.0,7795.68,340.91,4.2952,H1_EMA100
212,EMS-base,2019-06-11 23:30:00+0200,2019-06-12 02:00:00+0200,2.5,Long,SL,-1.0,7904.77,7856.11,7856.11,48.66,0.6156,STRUCTURAL_SL
213,EMS-base,2019-06-19 08:30:00+0200,2019-06-19 09:00:00+0200,0.5,Long,SL,-1.0,9155.0,9127.21,9127.21,27.79,0.3035,STRUCTURAL_SL
214,EMS-base,2019-06-20 00:00:00+0200,2019-06-27 11:00:00+0200,179.0,Long,TP,29.23,9211.08,9114.66,12028.99,96.42,1.0468,H1_EMA100
215,EMS-base,2019-06-28 14:00:00+0200,2019-06-28 14:30:00+0200,0.5,Long,SL,-1.0,12178.81,11864.46,11864.46,314.35,2.5811,STRUCTURAL_SL
216,EMS-base,2019-06-29 15:30:00+0200,2019-06-29 18:00:00+0200,2.5,Long,SL,-1.0,12039.33,11774.64,11774.64,264.69,2.1985,STRUCTURAL_SL
217,EMS-base,2019-07-02 21:00:00+0200,2019-07-05 02:00:00+0200,53.0,Long,TP,1.4,10724.65,10423.13,11145.67,301.52,2.8115,H1_EMA100
218,EMS-base,2019-07-06 06:00:00+0200,2019-07-06 10:00:00+0200,4.0,Long,SL,-1.0,11445.81,11280.47,11280.47,165.34,1.4445,STRUCTURAL_SL
219,EMS-base,2019-07-07 17:00:00+0200,2019-07-07 17:30:00+0200,0.5,Long,SL,-1.0,11307.1,11232.53,11232.53,74.57,0.6595,STRUCTURAL_SL
220,EMS-base,2019-07-07 20:30:00+0200,2019-07-10 18:00:00+0200,69.5,Long,TP,3.32,11408.43,11119.6,12367.91,288.83,2.5317,H1_EMA100
221,EMS-base,2019-07-15 21:00:00+0200,2019-07-16 06:00:00+0200,9.0,Long,SL,-0.39,10903.11,10371.0,10694.64,532.11,4.8804,H1_EMA100
222,EMS-base,2019-07-18 17:30:00+0200,2019-07-21 13:00:00+0200,67.5,Long,TP,0.19,10348.51,9252.0,10555.29,1096.51,10.5958,H1_EMA100
223,EMS-base,2019-07-22 08:30:00+0200,2019-07-22 11:00:00+0200,2.5,Long,SL,-1.0,10610.77,10511.0,10511.0,99.77,0.9403,STRUCTURAL_SL
224,EMS-base,2019-07-25 04:00:00+0200,2019-07-25 16:00:00+0200,12.0,Long,SL,-0.32,10069.64,9720.03,9956.96,349.61,3.4719,H1_EMA100
225,EMS-base,2019-07-29 04:30:00+0200,2019-07-29 11:00:00+0200,6.5,Long,SL,-0.53,9648.0,9506.13,9573.26,141.87,1.4705,H1_EMA100
226,EMS-base,2019-07-30 16:30:00+0200,2019-07-30 21:00:00+0200,4.5,Long,SL,-1.0,9567.87,9525.3,9525.3,42.57,0.4449,STRUCTURAL_SL
227,EMS-base,2019-08-04 18:00:00+0200,2019-08-07 00:00:00+0200,54.0,Long,TP,1.42,10944.22,10636.01,11382.41,308.21,2.8162,H1_EMA100
228,EMS-base,2019-08-07 15:30:00+0200,2019-08-07 17:00:00+0200,1.5,Long,SL,-1.0,12081.31,11707.08,11707.08,374.23,3.0976,STRUCTURAL_SL
229,EMS-base,2019-08-09 03:00:00+0200,2019-08-09 11:00:00+0200,8.0,Long,SL,-1.0,11969.94,11720.0,11720.0,249.94,2.0881,STRUCTURAL_SL
230,EMS-base,2019-08-09 22:30:00+0200,2019-08-10 05:00:00+0200,6.5,Long,SL,-0.57,11876.05,11746.75,11801.73,129.3,1.0887,H1_EMA100
231,EMS-base,2019-08-12 01:00:00+0200,2019-08-12 01:30:00+0200,0.5,Long,SL,-1.0,11513.82,11480.02,11480.02,33.8,0.2936,STRUCTURAL_SL
232,EMS-base,2019-08-16 19:00:00+0200,2019-08-17 02:00:00+0200,7.0,Long,SL,-0.2,10403.42,10037.97,10331.54,365.45,3.5128,H1_EMA100
233,EMS-base,2019-08-18 14:00:00+0200,2019-08-20 17:00:00+0200,51.0,Long,TP,0.92,10392.92,10154.47,10612.11,238.45,2.2944,H1_EMA100
234,EMS-base,2019-08-20 18:00:00+0200,2019-08-21 04:30:00+0200,10.5,Long,SL,-1.0,10744.54,10580.0,10580.0,164.54,1.5314,STRUCTURAL_SL
235,EMS-base,2019-08-22 21:00:00+0200,2019-08-22 22:00:00+0200,1.0,Long,SL,-0.37,10191.48,10110.16,10161.22,81.32,0.7979,H1_EMA100
236,EMS-base,2019-08-25 15:00:00+0200,2019-08-25 16:00:00+0200,1.0,Long,SL,-1.0,10297.2,10084.01,10084.01,213.19,2.0704,STRUCTURAL_SL
237,EMS-base,2019-08-26 02:30:00+0200,2019-08-27 05:00:00+0200,26.5,Long,SL,-0.51,10526.72,9963.35,10240.0,563.37,5.3518,H1_EMA100
238,EMS-base,2019-08-28 17:30:00+0200,2019-08-28 20:00:00+0200,2.5,Long,SL,-1.0,10238.09,10158.0,10158.0,80.09,0.7823,STRUCTURAL_SL
239,EMS-base,2019-09-01 00:30:00+0200,2019-09-01 02:00:00+0200,1.5,Long,SL,-0.18,9624.6,9420.75,9587.47,203.85,2.118,H1_EMA100
240,EMS-base,2019-09-01 22:00:00+0200,2019-09-05 20:00:00+0200,94.0,Long,TP,23.07,9615.3,9577.17,10495.11,38.13,0.3966,H1_EMA100
241,EMS-base,2019-09-06 02:30:00+0200,2019-09-06 19:30:00+0200,17.0,Long,SL,-1.0,10569.06,10526.98,10526.98,42.08,0.3981,STRUCTURAL_SL
242,EMS-base,2019-09-07 23:30:00+0200,2019-09-08 01:00:00+0200,1.5,Long,SL,-0.11,10480.12,10420.0,10473.32,60.12,0.5737,H1_EMA100
243,EMS-base,2019-09-12 02:00:00+0200,2019-09-12 04:00:00+0200,2.0,Long,SL,-0.62,10158.75,10102.23,10123.91,56.52,0.5564,H1_EMA100
244,EMS-base,2019-09-12 11:30:00+0200,2019-09-13 20:00:00+0200,32.5,Long,TP,1.12,10136.58,10056.17,10226.59,80.41,0.7933,H1_EMA100
245,EMS-base,2019-09-14 02:30:00+0200,2019-09-14 14:00:00+0200,11.5,Long,SL,-1.0,10322.98,10245.51,10245.51,77.47,0.7505,STRUCTURAL_SL
246,EMS-base,2019-09-16 04:00:00+0200,2019-09-16 06:00:00+0200,2.0,Long,SL,-0.9,10339.55,10297.36,10301.76,42.19,0.408,H1_EMA100
247,EMS-base,2019-09-19 23:00:00+0200,2019-09-20 19:00:00+0200,20.0,Long,SL,-0.59,10238.25,10015.26,10107.7,222.99,2.178,H1_EMA100
248,EMS-base,2019-09-30 16:30:00+0200,2019-10-02 05:00:00+0200,36.5,Long,TP,0.64,8143.94,7982.56,8247.85,161.38,1.9816,H1_EMA100
249,EMS-base,2019-10-03 02:00:00+0200,2019-10-03 09:00:00+0200,7.0,Long,SL,-0.77,8360.0,8231.42,8260.82,128.58,1.538,H1_EMA100
250,EMS-base,2019-10-04 21:30:00+0200,2019-10-04 23:00:00+0200,1.5,Long,SL,-0.69,8190.14,8129.97,8148.36,60.17,0.7347,H1_EMA100
251,EMS-base,2019-10-06 03:00:00+0200,2019-10-06 03:30:00+0200,0.5,Long,SL,-1.0,8130.45,8058.33,8058.33,72.12,0.887,STRUCTURAL_SL
252,EMS-base,2019-10-07 14:30:00+0200,2019-10-08 23:00:00+0200,32.5,Long,TP,0.63,8027.82,7870.0,8126.83,157.82,1.9659,H1_EMA100
253,EMS-base,2019-10-09 11:30:00+0200,2019-10-11 08:00:00+0200,44.5,Long,TP,6.17,8197.01,8156.95,8444.01,40.06,0.4887,H1_EMA100
254,EMS-base,2019-10-14 22:30:00+0200,2019-10-14 23:00:00+0200,0.5,Long,SL,-1.0,8337.14,8319.97,8319.97,17.17,0.2059,STRUCTURAL_SL
255,EMS-base,2019-10-19 15:30:00+0200,2019-10-19 19:00:00+0200,3.5,Long,SL,-0.31,8022.66,7866.92,7974.5,155.74,1.9413,H1_EMA100
256,EMS-base,2019-10-20 16:30:00+0200,2019-10-22 22:00:00+0200,53.5,Long,TP,10.51,7970.72,7951.95,8167.91,18.77,0.2355,H1_EMA100
257,EMS-base,2019-10-25 13:30:00+0200,2019-10-29 01:00:00+0100,84.5,Long,TP,9.44,7608.11,7439.0,9205.14,169.11,2.2228,H1_EMA100
258,EMS-base,2019-10-29 11:30:00+0100,2019-10-29 14:00:00+0100,2.5,Long,SL,-1.0,9447.66,9351.0,9351.0,96.66,1.0231,STRUCTURAL_SL
259,EMS-base,2019-10-30 00:30:00+0100,2019-10-30 01:00:00+0100,0.5,Long,SL,-1.0,9403.14,9377.7,9377.7,25.44,0.2705,STRUCTURAL_SL
260,EMS-base,2019-10-31 15:00:00+0100,2019-10-31 22:00:00+0100,7.0,Long,SL,-0.28,9290.5,8913.0,9185.98,377.5,4.0633,H1_EMA100
261,EMS-base,2019-11-01 19:30:00+0100,2019-11-03 09:00:00+0100,37.5,Long,TP,0.63,9170.23,9060.0,9239.61,110.23,1.202,H1_EMA100
262,EMS-base,2019-11-04 13:00:00+0100,2019-11-05 09:00:00+0100,20.0,Long,SL,-0.3,9260.2,9143.68,9225.0,116.52,1.2583,H1_EMA100
263,EMS-base,2019-11-05 16:30:00+0100,2019-11-06 02:00:00+0100,9.5,Long,SL,-0.39,9343.73,9217.0,9293.68,126.73,1.3563,H1_EMA100
264,EMS-base,2019-11-06 06:30:00+0100,2019-11-06 18:30:00+0100,12.0,Long,SL,-1.0,9332.64,9276.01,9276.01,56.63,0.6068,STRUCTURAL_SL
265,EMS-base,2019-11-07 02:30:00+0100,2019-11-07 03:00:00+0100,0.5,Long,SL,-1.0,9357.37,9322.68,9322.68,34.69,0.3707,STRUCTURAL_SL
266,EMS-base,2019-11-13 10:00:00+0100,2019-11-13 13:00:00+0100,3.0,Long,SL,-0.12,8778.99,8731.46,8773.07,47.53,0.5414,H1_EMA100
267,EMS-base,2019-11-17 11:00:00+0100,2019-11-18 01:00:00+0100,14.0,Long,SL,-0.18,8535.88,8350.68,8502.4,185.2,2.1697,H1_EMA100
268,EMS-base,2019-11-25 16:30:00+0100,2019-11-25 21:30:00+0100,5.0,Long,SL,-1.0,7230.13,7135.62,7135.62,94.51,1.3072,STRUCTURAL_SL
269,EMS-base,2019-11-27 01:00:00+0100,2019-11-27 04:30:00+0100,3.5,Long,SL,-1.0,7154.75,7075.0,7075.0,79.75,1.1146,STRUCTURAL_SL
270,EMS-base,2019-11-27 15:00:00+0100,2019-11-29 00:00:00+0100,33.0,Long,TP,0.36,7255.18,6886.73,7386.19,368.45,5.0784,H1_EMA100
271,EMS-base,2019-11-29 09:00:00+0100,2019-11-29 13:00:00+0100,4.0,Long,SL,-1.0,7509.14,7446.53,7446.53,62.61,0.8338,STRUCTURAL_SL
272,EMS-base,2019-12-04 15:00:00+0100,2019-12-04 21:30:00+0100,6.5,Long,SL,-1.0,7496.46,7185.89,7185.89,310.57,4.1429,STRUCTURAL_SL
273,EMS-base,2019-12-05 10:30:00+0100,2019-12-05 18:00:00+0100,7.5,Long,SL,-0.38,7327.37,7259.9,7301.64,67.47,0.9208,H1_EMA100
274,EMS-base,2019-12-08 13:30:00+0100,2019-12-09 02:30:00+0100,13.0,Long,SL,-1.0,7514.91,7480.0,7480.0,34.91,0.4645,STRUCTURAL_SL
275,EMS-base,2019-12-09 16:00:00+0100,2019-12-09 16:30:00+0100,0.5,Long,SL,-1.0,7545.92,7495.0,7495.0,50.92,0.6748,STRUCTURAL_SL
276,EMS-base,2019-12-15 22:00:00+0100,2019-12-15 23:00:00+0100,1.0,Long,SL,-0.26,7133.92,7101.65,7125.43,32.27,0.4523,H1_EMA100
277,EMS-base,2019-12-18 18:30:00+0100,2019-12-21 11:00:00+0100,64.5,Long,TP,2.14,6874.4,6760.0,7119.06,114.4,1.6641,H1_EMA100
278,EMS-base,2019-12-21 22:30:00+0100,2019-12-21 23:00:00+0100,0.5,Long,SL,-1.0,7177.95,7137.12,7137.12,40.83,0.5688,STRUCTURAL_SL
279,EMS-base,2019-12-22 10:00:00+0100,2019-12-23 23:00:00+0100,37.0,Long,TP,4.41,7160.23,7125.0,7315.44,35.23,0.492,H1_EMA100
280,EMS-base,2019-12-27 22:30:00+0100,2019-12-30 11:00:00+0100,60.5,Long,TP,3.05,7224.4,7191.01,7326.1,33.39,0.4622,H1_EMA100
281,EMS-base,2020-01-01 18:00:00+0100,2020-01-01 21:00:00+0100,3.0,Long,SL,-0.49,7244.34,7214.0,7229.48,30.34,0.4188,H1_EMA100
282,EMS-base,2020-01-03 08:30:00+0100,2020-01-05 23:00:00+0100,62.5,Long,TP,4.39,7223.25,7190.14,7368.52,33.11,0.4584,H1_EMA100
283,EMS-base,2020-01-06 03:30:00+0100,2020-01-08 21:00:00+0100,65.5,Long,TP,3.11,7513.11,7368.55,7963.35,144.56,1.9241,H1_EMA100
284,EMS-base,2020-01-10 16:30:00+0100,2020-01-12 01:00:00+0100,32.5,Long,SL,-0.07,8033.69,7850.01,8020.01,183.68,2.2864,H1_EMA100
285,EMS-base,2020-01-13 22:30:00+0100,2020-01-13 23:00:00+0100,0.5,Long,SL,-1.0,8138.32,8104.01,8104.01,34.31,0.4216,STRUCTURAL_SL
286,EMS-base,2020-01-17 00:30:00+0100,2020-01-19 12:00:00+0100,59.5,Long,SL,-1.0,8729.31,8672.0,8672.0,57.31,0.6565,STRUCTURAL_SL
287,EMS-base,2020-01-21 22:30:00+0100,2020-01-22 10:00:00+0100,11.5,Long,SL,-0.3,8759.07,8488.0,8678.69,271.07,3.0947,H1_EMA100
288,EMS-base,2020-01-24 17:00:00+0100,2020-01-24 23:30:00+0100,6.5,Long,SL,-1.0,8507.8,8440.91,8440.91,66.89,0.7862,STRUCTURAL_SL
289,EMS-base,2020-02-01 03:30:00+0100,2020-02-01 12:00:00+0100,8.5,Long,SL,-1.0,9437.23,9341.17,9341.17,96.06,1.0179,STRUCTURAL_SL
290,EMS-base,2020-02-01 19:30:00+0100,2020-02-02 01:30:00+0100,6.0,Long,SL,-1.0,9396.13,9327.0,9327.0,69.13,0.7357,STRUCTURAL_SL
291,EMS-base,2020-02-02 12:00:00+0100,2020-02-03 00:00:00+0100,12.0,Long,SL,-0.61,9423.44,9352.5,9380.0,70.94,0.7528,H1_EMA100
292,EMS-base,2020-02-05 08:00:00+0100,2020-02-05 10:00:00+0100,2.0,Long,SL,-0.24,9267.0,9232.03,9258.53,34.97,0.3774,H1_EMA100
293,EMS-base,2020-02-08 10:00:00+0100,2020-02-08 14:30:00+0100,4.5,Long,SL,-1.0,9805.2,9754.92,9754.92,50.28,0.5128,STRUCTURAL_SL
294,EMS-base,2020-02-11 17:00:00+0100,2020-02-13 11:00:00+0100,42.0,Long,TP,0.01,10165.0,9847.0,10166.97,318.0,3.1284,H1_EMA100
295,EMS-base,2020-02-14 15:30:00+0100,2020-02-14 16:00:00+0100,0.5,Long,SL,-1.0,10311.27,10240.0,10240.0,71.27,0.6912,STRUCTURAL_SL
296,EMS-base,2020-02-18 17:30:00+0100,2020-02-19 22:30:00+0100,29.0,Long,SL,-1.0,9850.03,9576.01,9576.01,274.02,2.7819,STRUCTURAL_SL
297,EMS-base,2020-02-22 21:30:00+0100,2020-02-22 23:30:00+0100,2.0,Long,SL,-1.0,9689.99,9660.67,9660.67,29.32,0.3026,STRUCTURAL_SL
298,EMS-base,2020-03-02 06:00:00+0100,2020-03-03 16:00:00+0100,34.0,Long,TP,1.98,8643.32,8596.36,8736.43,46.96,0.5433,H1_EMA100
299,EMS-base,2020-03-04 05:00:00+0100,2020-03-04 12:30:00+0100,7.5,Long,SL,-1.0,8788.99,8728.0,8728.0,60.99,0.6939,STRUCTURAL_SL
300,EMS-base,2020-03-05 02:30:00+0100,2020-03-07 18:00:00+0100,63.5,Long,TP,1.35,8856.97,8722.01,9038.91,134.96,1.5238,H1_EMA100
301,EMS-base,2020-03-17 04:00:00+0100,2020-03-17 15:00:00+0100,11.0,Long,SL,-0.53,5281.58,4921.45,5090.11,360.13,6.8186,H1_EMA100
302,EMS-base,2020-03-18 21:30:00+0100,2020-03-18 23:00:00+0100,1.5,Long,SL,-1.0,5322.58,5288.9,5288.9,33.68,0.6328,STRUCTURAL_SL
303,EMS-base,2020-03-21 22:00:00+0100,2020-03-22 13:00:00+0100,15.0,Long,SL,-0.61,6325.25,6043.0,6153.57,282.25,4.4623,H1_EMA100
304,EMS-base,2020-03-23 15:00:00+0100,2020-03-25 13:00:00+0100,46.0,Long,TP,0.49,6287.11,5810.72,6521.36,476.39,7.5772,H1_EMA100
305,EMS-base,2020-03-26 00:00:00+0100,2020-03-26 09:00:00+0100,9.0,Long,SL,-0.72,6687.84,6552.0,6589.92,135.84,2.0311,H1_EMA100
306,EMS-base,2020-03-26 21:30:00+0100,2020-03-27 06:00:00+0100,8.5,Long,SL,-1.0,6702.54,6636.59,6636.59,65.95,0.984,STRUCTURAL_SL
307,EMS-base,2020-03-30 10:00:00+0200,2020-04-01 03:00:00+0200,41.0,Long,TP,0.89,6242.69,6172.88,6305.12,69.81,1.1183,H1_EMA100
308,EMS-base,2020-04-02 01:30:00+0200,2020-04-03 18:00:00+0200,40.5,Long,TP,0.35,6570.65,6164.28,6711.9,406.37,6.1846,H1_EMA100
309,EMS-base,2020-04-04 13:00:00+0200,2020-04-04 13:30:00+0200,0.5,Long,SL,-1.0,6873.18,6740.81,6740.81,132.37,1.9259,STRUCTURAL_SL
310,EMS-base,2020-04-04 21:00:00+0200,2020-04-05 13:00:00+0200,16.0,Long,SL,-0.35,6771.71,6711.76,6750.93,59.95,0.8853,H1_EMA100
311,EMS-base,2020-04-06 03:00:00+0200,2020-04-07 23:00:00+0200,44.0,Long,TP,2.49,6866.59,6765.0,7119.61,101.59,1.4795,H1_EMA100
312,EMS-base,2020-04-08 06:30:00+0200,2020-04-08 16:00:00+0200,9.5,Long,SL,-0.68,7348.67,7160.22,7221.39,188.45,2.5644,H1_EMA100
313,EMS-base,2020-04-12 15:30:00+0200,2020-04-13 02:00:00+0200,10.5,Long,TP,0.05,6899.98,6820.0,6903.79,79.98,1.1591,H1_EMA100
314,EMS-base,2020-04-14 01:30:00+0200,2020-04-14 10:00:00+0200,8.5,Long,SL,-0.44,6840.72,6789.1,6817.77,51.62,0.7546,H1_EMA100
315,EMS-base,2020-04-16 11:00:00+0200,2020-04-19 08:00:00+0200,69.0,Long,TP,0.43,7045.3,6868.12,7121.36,177.18,2.5149,H1_EMA100
316,EMS-base,2020-04-20 06:00:00+0200,2020-04-20 10:00:00+0200,4.0,Long,SL,-1.0,7161.55,7145.78,7145.78,15.77,0.2202,STRUCTURAL_SL
317,EMS-base,2020-04-22 09:30:00+0200,2020-05-03 17:00:00+0200,271.5,Long,TP,21.82,6934.51,6850.54,8767.1,83.97,1.2109,H1_EMA100
318,EMS-base,2020-05-04 21:30:00+0200,2020-05-05 13:00:00+0200,15.5,Long,SL,-0.14,8865.37,8743.58,8848.25,121.79,1.3738,H1_EMA100
319,EMS-base,2020-05-17 04:30:00+0200,2020-05-17 11:00:00+0200,6.5,Long,SL,-1.0,9528.54,9470.0,9470.0,58.54,0.6144,STRUCTURAL_SL
320,EMS-base,2020-05-19 01:30:00+0200,2020-05-19 02:00:00+0200,0.5,Long,SL,-1.0,9736.17,9666.67,9666.67,69.5,0.7138,STRUCTURAL_SL
321,EMS-base,2020-05-19 12:00:00+0200,2020-05-19 15:00:00+0200,3.0,Long,SL,-0.71,9792.0,9550.0,9619.54,242.0,2.4714,H1_EMA100
322,EMS-base,2020-05-24 00:00:00+0200,2020-05-24 01:30:00+0200,1.5,Long,SL,-1.0,9226.0,9164.01,9164.01,61.99,0.6719,STRUCTURAL_SL
323,EMS-base,2020-05-30 07:00:00+0200,2020-05-30 23:00:00+0200,16.0,Long,SL,-0.41,9515.36,9331.23,9440.61,184.13,1.9351,H1_EMA100
324,EMS-base,2020-06-01 08:30:00+0200,2020-06-01 12:00:00+0200,3.5,Long,SL,-1.0,9549.29,9514.65,9514.65,34.64,0.3627,STRUCTURAL_SL
325,EMS-base,2020-06-04 03:00:00+0200,2020-06-04 11:00:00+0200,8.0,Long,SL,-1.0,9629.78,9593.34,9593.34,36.44,0.3784,STRUCTURAL_SL
326,EMS-base,2020-06-04 15:30:00+0200,2020-06-05 13:00:00+0200,21.5,Long,SL,-0.13,9736.32,9450.0,9700.34,286.32,2.9407,H1_EMA100
327,EMS-base,2020-06-08 00:30:00+0200,2020-06-08 10:00:00+0200,9.5,Long,SL,-1.0,9736.8,9692.0,9692.0,44.8,0.4601,STRUCTURAL_SL
328,EMS-base,2020-06-09 17:00:00+0200,2020-06-09 21:00:00+0200,4.0,Long,SL,-1.0,9713.75,9682.0,9682.0,31.75,0.3269,STRUCTURAL_SL
329,EMS-base,2020-06-14 02:00:00+0200,2020-06-14 03:00:00+0200,1.0,Long,SL,-0.15,9473.34,9351.0,9455.01,122.34,1.2914,H1_EMA100
330,EMS-base,2020-06-15 21:00:00+0200,2020-06-17 16:00:00+0200,43.0,Long,TP,0.3,9417.62,9331.01,9443.48,86.61,0.9197,H1_EMA100
331,EMS-base,2020-06-21 01:00:00+0200,2020-06-21 20:00:00+0200,19.0,Long,SL,-0.31,9375.01,9285.28,9347.0,89.73,0.9571,H1_EMA100
332,EMS-base,2020-06-22 05:00:00+0200,2020-06-24 10:00:00+0200,53.0,Long,TP,1.73,9386.63,9313.67,9512.82,72.96,0.7773,H1_EMA100
333,EMS-base,2020-06-28 18:00:00+0200,2020-06-28 22:00:00+0200,4.0,Long,SL,-0.38,9159.27,9037.99,9112.64,121.28,1.3241,H1_EMA100
334,EMS-base,2020-06-29 19:30:00+0200,2020-06-30 08:00:00+0200,12.5,Long,SL,-0.19,9152.82,9024.67,9128.0,128.15,1.4001,H1_EMA100
335,EMS-base,2020-07-01 11:00:00+0200,2020-07-02 17:00:00+0200,30.0,Long,TP,0.49,9174.08,9131.12,9195.0,42.96,0.4683,H1_EMA100
336,EMS-base,2020-07-04 20:30:00+0200,2020-07-05 08:00:00+0200,11.5,Long,SL,-0.75,9158.54,9050.0,9076.71,108.54,1.1851,H1_EMA100
337,EMS-base,2020-07-06 05:30:00+0200,2020-07-09 17:00:00+0200,83.5,Long,TP,6.93,9086.18,9055.92,9295.9,30.26,0.333,H1_EMA100
338,EMS-base,2020-07-11 02:00:00+0200,2020-07-11 11:00:00+0200,9.0,Long,SL,-1.0,9288.34,9224.52,9224.52,63.82,0.6871,STRUCTURAL_SL
339,EMS-base,2020-07-12 03:30:00+0200,2020-07-12 14:00:00+0200,10.5,Long,SL,-0.43,9256.51,9230.61,9245.28,25.9,0.2798,H1_EMA100
340,EMS-base,2020-07-13 01:00:00+0200,2020-07-13 21:00:00+0200,20.0,Long,SL,-1.0,9298.47,9220.39,9220.39,78.08,0.8397,STRUCTURAL_SL
341,EMS-base,2020-07-14 22:00:00+0200,2020-07-14 23:00:00+0200,1.0,Long,SL,-1.0,9268.89,9242.28,9242.28,26.61,0.2871,STRUCTURAL_SL
342,EMS-base,2020-07-17 16:00:00+0200,2020-07-17 18:00:00+0200,2.0,Long,SL,-0.22,9161.52,9101.0,9148.37,60.52,0.6606,H1_EMA100
343,EMS-base,2020-07-18 11:30:00+0200,2020-07-19 05:00:00+0200,17.5,Long,SL,-0.35,9175.95,9123.92,9157.52,52.03,0.567,H1_EMA100
344,EMS-base,2020-07-19 23:30:00+0200,2020-07-20 12:30:00+0200,13.0,Long,SL,-1.0,9161.32,9144.78,9144.78,16.54,0.1805,STRUCTURAL_SL
345,EMS-base,2020-07-21 03:30:00+0200,2020-07-21 05:00:00+0200,1.5,Long,SL,-1.0,9179.67,9167.97,9167.97,11.7,0.1275,STRUCTURAL_SL
346,EMS-base,2020-07-24 17:00:00+0200,2020-07-30 10:00:00+0200,137.0,Long,TP,34.81,9537.77,9497.44,10941.64,40.33,0.4228,H1_EMA100
347,EMS-base,2020-07-30 22:00:00+0200,2020-07-31 03:00:00+0200,5.0,Long,SL,-1.0,11116.82,10993.26,10993.26,123.56,1.1115,STRUCTURAL_SL
348,EMS-base,2020-07-31 08:30:00+0200,2020-08-02 06:30:00+0200,46.0,Long,SL,-1.0,11102.76,11030.59,11030.59,72.17,0.65,STRUCTURAL_SL
349,EMS-base,2020-08-03 17:30:00+0200,2020-08-03 23:30:00+0200,6.0,Long,SL,-1.0,11359.6,11271.95,11271.95,87.65,0.7716,STRUCTURAL_SL
350,EMS-base,2020-08-05 08:30:00+0200,2020-08-07 17:00:00+0200,56.5,Long,TP,4.73,11299.94,11230.0,11630.56,69.94,0.6189,H1_EMA100
351,EMS-base,2020-08-08 13:30:00+0200,2020-08-09 08:00:00+0200,18.5,Long,SL,-0.6,11759.09,11562.17,11640.5,196.92,1.6746,H1_EMA100
352,EMS-base,2020-08-10 03:00:00+0200,2020-08-10 12:00:00+0200,9.0,Long,SL,-1.0,11739.09,11652.58,11652.58,86.51,0.7369,STRUCTURAL_SL
353,EMS-base,2020-08-12 17:30:00+0200,2020-08-12 19:00:00+0200,1.5,Long,SL,-0.64,11580.08,11530.0,11547.9,50.08,0.4325,H1_EMA100
354,EMS-base,2020-08-13 23:00:00+0200,2020-08-15 15:00:00+0200,40.0,Long,TP,1.6,11599.83,11506.16,11749.33,93.67,0.8075,H1_EMA100
355,EMS-base,2020-08-17 01:00:00+0200,2020-08-17 02:00:00+0200,1.0,Long,SL,-1.0,11907.16,11830.35,11830.35,76.81,0.6451,STRUCTURAL_SL
356,EMS-base,2020-08-17 12:00:00+0200,2020-08-17 15:00:00+0200,3.0,Long,SL,-1.0,11856.31,11804.54,11804.54,51.77,0.4366,STRUCTURAL_SL
357,EMS-base,2020-08-20 17:30:00+0200,2020-08-20 20:00:00+0200,2.5,Long,TP,0.03,11814.21,11738.81,11816.49,75.4,0.6382,H1_EMA100
358,EMS-base,2020-08-23 00:00:00+0200,2020-08-23 03:00:00+0200,3.0,Long,SL,-0.23,11667.01,11570.27,11645.21,96.74,0.8292,H1_EMA100
359,EMS-base,2020-08-23 18:30:00+0200,2020-08-24 03:00:00+0200,8.5,Long,TP,0.05,11624.4,11514.13,11629.95,110.27,0.9486,H1_EMA100
360,EMS-base,2020-08-28 08:00:00+0200,2020-08-28 10:00:00+0200,2.0,Long,SL,-0.37,11399.0,11347.16,11379.63,51.84,0.4548,H1_EMA100
361,EMS-base,2020-09-01 07:00:00+0200,2020-09-02 09:00:00+0200,26.0,Long,TP,1.13,11692.67,11605.87,11790.62,86.8,0.7423,H1_EMA100
362,EMS-base,2020-09-08 01:00:00+0200,2020-09-08 08:00:00+0200,7.0,Long,SL,-0.63,10385.49,10133.53,10227.33,251.96,2.4261,H1_EMA100
363,EMS-base,2020-09-09 11:30:00+0200,2020-09-11 05:00:00+0200,41.5,Long,TP,0.6,10185.12,10061.72,10258.81,123.4,1.2116,H1_EMA100
364,EMS-base,2020-09-11 19:00:00+0200,2020-09-12 16:00:00+0200,21.0,Long,SL,-0.23,10306.36,10252.0,10294.01,54.36,0.5274,H1_EMA100
365,EMS-base,2020-09-14 12:00:00+0200,2020-09-17 13:00:00+0200,73.0,Long,TP,2.97,10366.96,10212.34,10826.54,154.62,1.4915,H1_EMA100
366,EMS-base,2020-09-17 23:30:00+0200,2020-09-18 00:30:00+0200,1.0,Long,SL,-1.0,10924.57,10910.0,10910.0,14.57,0.1334,STRUCTURAL_SL
367,EMS-base,2020-09-19 03:00:00+0200,2020-09-19 10:00:00+0200,7.0,Long,SL,-0.82,10972.79,10884.38,10900.29,88.41,0.8057,H1_EMA100
368,EMS-base,2020-09-21 06:30:00+0200,2020-09-21 09:00:00+0200,2.5,Long,SL,-1.0,10983.02,10918.44,10918.44,64.58,0.588,STRUCTURAL_SL
369,EMS-base,2020-09-27 22:00:00+0200,2020-09-29 01:00:00+0200,27.0,Long,SL,-1.0,10732.01,10700.73,10700.73,31.28,0.2915,STRUCTURAL_SL
370,EMS-base,2020-09-30 02:00:00+0200,2020-09-30 05:30:00+0200,3.5,Long,SL,-1.0,10840.58,10746.74,10746.74,93.84,0.8656,STRUCTURAL_SL
371,EMS-base,2020-09-30 19:30:00+0200,2020-09-30 20:00:00+0200,0.5,Long,SL,-1.0,10762.3,10720.93,10720.93,41.37,0.3844,STRUCTURAL_SL
372,EMS-base,2020-10-01 02:30:00+0200,2020-10-01 17:30:00+0200,15.0,Long,SL,-1.0,10797.44,10735.0,10735.0,62.44,0.5783,STRUCTURAL_SL
373,EMS-base,2020-10-03 19:30:00+0200,2020-10-03 23:00:00+0200,3.5,Long,SL,-0.1,10568.63,10531.03,10565.02,37.6,0.3558,H1_EMA100
374,EMS-base,2020-10-07 21:30:00+0200,2020-10-08 03:00:00+0200,5.5,Long,SL,-0.5,10666.01,10616.75,10641.17,49.26,0.4618,H1_EMA100
375,EMS-base,2020-10-08 16:00:00+0200,2020-10-12 13:00:00+0200,93.0,Long,TP,3.69,10736.72,10593.51,11264.77,143.21,1.3338,H1_EMA100
376,EMS-base,2020-10-12 17:00:00+0200,2020-10-13 16:00:00+0200,23.0,Long,SL,-0.51,11468.87,11236.13,11349.69,232.74,2.0293,H1_EMA100
377,EMS-base,2020-10-18 02:00:00+0200,2020-10-23 19:00:00+0200,137.0,Long,TP,56.02,11360.31,11334.82,12788.19,25.49,0.2244,H1_EMA100
378,EMS-base,2020-10-24 04:00:00+0200,2020-10-25 07:00:00+0100,28.0,Long,SL,-0.1,12963.76,12870.0,12954.56,93.76,0.7232,H1_EMA100
379,EMS-base,2020-10-26 03:00:00+0100,2020-10-26 09:00:00+0100,6.0,Long,SL,-1.0,13074.06,12971.0,12971.0,103.06,0.7883,STRUCTURAL_SL
380,EMS-base,2020-10-27 03:00:00+0100,2020-10-27 03:30:00+0100,0.5,Long,SL,-1.0,13094.12,13058.67,13058.67,35.45,0.2707,STRUCTURAL_SL
381,EMS-base,2020-10-29 17:30:00+0100,2020-10-30 01:00:00+0100,7.5,Long,SL,-1.0,13558.25,13356.74,13356.74,201.51,1.4863,STRUCTURAL_SL
382,EMS-base,2020-10-30 17:30:00+0100,2020-11-02 00:00:00+0100,54.5,Long,TP,0.69,13503.53,13221.35,13699.61,282.18,2.0897,H1_EMA100
383,EMS-base,2020-11-03 15:30:00+0100,2020-11-04 09:00:00+0100,17.5,Long,SL,-0.4,13687.36,13471.0,13600.46,216.36,1.5807,H1_EMA100
384,EMS-base,2020-11-08 16:00:00+0100,2020-11-09 15:00:00+0100,23.0,Long,SL,-0.27,15343.83,15106.01,15278.58,237.82,1.5499,H1_EMA100
385,EMS-base,2020-11-10 06:00:00+0100,2020-11-10 06:30:00+0100,0.5,Long,SL,-1.0,15387.74,15323.0,15323.0,64.74,0.4207,STRUCTURAL_SL
386,EMS-base,2020-11-10 10:00:00+0100,2020-11-10 12:00:00+0100,2.0,Long,SL,-0.55,15371.36,15250.47,15305.14,120.89,0.7865,H1_EMA100
387,EMS-base,2020-11-11 00:30:00+0100,2020-11-14 09:00:00+0100,80.5,Long,TP,11.92,15324.33,15260.17,16089.0,64.16,0.4187,H1_EMA100
388,EMS-base,2020-11-15 10:00:00+0100,2020-11-15 11:00:00+0100,1.0,Long,SL,-1.0,16118.0,16003.32,16003.32,114.68,0.7115,STRUCTURAL_SL
389,EMS-base,2020-11-16 06:30:00+0100,2020-11-19 10:00:00+0100,75.5,Long,TP,7.18,16119.47,15922.57,17533.42,196.9,1.2215,H1_EMA100
390,EMS-base,2020-11-19 15:30:00+0100,2020-11-22 03:00:00+0100,59.5,Long,TP,2.11,17915.9,17653.24,18470.4,262.66,1.4661,H1_EMA100
391,EMS-base,2020-11-22 22:30:00+0100,2020-11-23 00:00:00+0100,1.5,Long,SL,-1.0,18599.02,18487.52,18487.52,111.5,0.5995,STRUCTURAL_SL
392,EMS-base,2020-11-23 09:30:00+0100,2020-11-23 14:00:00+0100,4.5,Long,SL,-1.0,18633.85,18428.39,18428.39,205.46,1.1026,STRUCTURAL_SL
393,EMS-base,2020-11-24 10:30:00+0100,2020-11-25 06:00:00+0100,19.5,Long,SL,-0.38,18888.47,18360.0,18685.82,528.47,2.7978,H1_EMA100
394,EMS-base,2020-12-01 16:00:00+0100,2020-12-01 20:00:00+0100,4.0,Long,SL,-0.43,19285.3,18001.12,18738.82,1284.18,6.6589,H1_EMA100
395,EMS-base,2020-12-02 12:30:00+0100,2020-12-02 13:30:00+0100,1.0,Long,SL,-1.0,19132.43,18833.0,18833.0,299.43,1.565,STRUCTURAL_SL
396,EMS-base,2020-12-02 21:00:00+0100,2020-12-03 02:30:00+0100,5.5,Long,SL,-1.0,19101.1,18964.08,18964.08,137.02,0.7173,STRUCTURAL_SL
397,EMS-base,2020-12-06 19:00:00+0100,2020-12-07 13:00:00+0100,18.0,Long,SL,-0.22,19127.86,19018.0,19103.58,109.86,0.5743,H1_EMA100
398,EMS-base,2020-12-08 07:00:00+0100,2020-12-08 07:30:00+0100,0.5,Long,SL,-1.0,19293.76,19166.65,19166.65,127.11,0.6588,STRUCTURAL_SL
399,EMS-base,2020-12-22 16:00:00+0100,2020-12-23 12:00:00+0100,20.0,Long,SL,-1.0,23439.99,23103.98,23103.98,336.01,1.4335,STRUCTURAL_SL
400,EMS-base,2020-12-24 20:00:00+0100,2020-12-24 21:00:00+0100,1.0,Long,SL,-0.18,23314.23,23160.73,23287.15,153.5,0.6584,H1_EMA100
401,EMS-base,2020-12-29 22:30:00+0100,2021-01-04 09:00:00+0100,130.5,Long,TP,19.88,26998.45,26743.42,32068.84,255.03,0.9446,H1_EMA100
402,EMS-base,2021-01-05 17:00:00+0100,2021-01-09 08:00:00+0100,87.0,Long,TP,6.97,32099.97,31111.78,38984.86,988.19,3.0785,H1_EMA100
403,EMS-base,2021-01-12 08:00:00+0100,2021-01-12 10:00:00+0100,2.0,Long,SL,-0.22,35998.56,34971.24,35773.24,1027.32,2.8538,H1_EMA100
404,EMS-base,2021-01-13 12:30:00+0100,2021-01-13 13:00:00+0100,0.5,Long,SL,-1.0,34869.76,34200.0,34200.0,669.76,1.9207,STRUCTURAL_SL
405,EMS-base,2021-01-16 13:00:00+0100,2021-01-16 13:30:00+0100,0.5,Long,SL,-1.0,37680.0,37179.41,37179.41,500.59,1.3285,STRUCTURAL_SL
406,EMS-base,2021-01-17 23:30:00+0100,2021-01-18 00:30:00+0100,1.0,Long,SL,-1.0,36482.45,35559.84,35559.84,922.61,2.5289,STRUCTURAL_SL
407,EMS-base,2021-01-18 10:30:00+0100,2021-01-18 12:00:00+0100,1.5,Long,SL,-1.0,36386.35,36120.35,36120.35,266.0,0.731,STRUCTURAL_SL
408,EMS-base,2021-01-24 06:30:00+0100,2021-01-24 13:30:00+0100,7.0,Long,SL,-1.0,32848.27,32346.44,32346.44,501.83,1.5277,STRUCTURAL_SL
409,EMS-base,2021-01-25 03:00:00+0100,2021-01-25 22:30:00+0100,19.5,Long,SL,-1.0,32864.97,32411.77,32411.77,453.2,1.379,STRUCTURAL_SL
410,EMS-base,2021-01-28 08:00:00+0100,2021-01-28 09:00:00+0100,1.0,Long,SL,-0.78,31564.75,31057.96,31170.53,506.79,1.6056,H1_EMA100
411,EMS-base,2021-01-30 23:30:00+0100,2021-01-31 01:30:00+0100,2.0,Long,SL,-1.0,34563.55,33966.4,33966.4,597.15,1.7277,STRUCTURAL_SL
412,EMS-base,2021-02-04 19:30:00+0100,2021-02-05 02:30:00+0100,7.0,Long,SL,-1.0,37376.27,36761.89,36761.89,614.38,1.6438,STRUCTURAL_SL
413,EMS-base,2021-02-05 08:00:00+0100,2021-02-07 03:00:00+0100,43.0,Long,TP,3.55,37374.39,37021.8,38627.36,352.59,0.9434,H1_EMA100
414,EMS-base,2021-02-08 09:00:00+0100,2021-02-08 11:00:00+0100,2.0,Long,SL,-1.0,39269.78,38874.63,38874.63,395.15,1.0062,STRUCTURAL_SL
415,EMS-base,2021-02-11 13:00:00+0100,2021-02-12 16:00:00+0100,27.0,Long,TP,0.68,46061.48,45351.0,46547.5,710.48,1.5425,H1_EMA100
416,EMS-base,2021-02-14 03:30:00+0100,2021-02-15 03:00:00+0100,23.5,Long,TP,1.9,47350.0,47001.01,48011.44,348.99,0.737,H1_EMA100
417,EMS-base,2021-02-15 18:30:00+0100,2021-02-16 01:00:00+0100,6.5,Long,SL,-0.64,48678.78,47472.92,47911.1,1205.86,2.4772,H1_EMA100
418,EMS-base,2021-02-17 00:00:00+0100,2021-02-19 06:00:00+0100,54.0,Long,TP,2.71,49113.91,48355.8,51166.3,758.11,1.5436,H1_EMA100
419,EMS-base,2021-02-19 10:00:00+0100,2021-02-22 02:00:00+0100,64.0,Long,TP,6.82,52236.31,51649.82,56235.15,586.49,1.1228,H1_EMA100
420,EMS-base,2021-02-25 03:00:00+0100,2021-02-25 05:00:00+0100,2.0,Long,SL,-0.12,50505.26,48028.18,50206.97,2477.08,4.9046,H1_EMA100
421,EMS-base,2021-02-25 13:00:00+0100,2021-02-25 19:00:00+0100,6.0,Long,SL,-0.44,50299.0,48581.71,49550.95,1717.29,3.4142,H1_EMA100
422,EMS-base,2021-02-27 07:00:00+0100,2021-02-27 08:00:00+0100,1.0,Long,SL,-0.45,47799.68,47278.54,47566.6,521.14,1.0903,H1_EMA100
423,EMS-base,2021-03-01 03:00:00+0100,2021-03-02 18:00:00+0100,39.0,Long,TP,1.03,46166.16,44850.0,47520.01,1316.16,2.8509,H1_EMA100
424,EMS-base,2021-03-03 04:00:00+0100,2021-03-04 05:00:00+0100,25.0,Long,TP,5.62,48594.06,48419.67,49574.89,174.39,0.3589,H1_EMA100
425,EMS-base,2021-03-05 21:00:00+0100,2021-03-06 05:00:00+0100,8.0,Long,SL,-1.0,49285.76,48200.0,48200.0,1085.76,2.203,STRUCTURAL_SL
426,EMS-base,2021-03-06 23:00:00+0100,2021-03-08 09:00:00+0100,34.0,Long,TP,3.77,48577.22,48264.63,49755.24,312.59,0.6435,H1_EMA100
427,EMS-base,2021-03-08 14:30:00+0100,2021-03-11 10:00:00+0100,67.5,Long,TP,6.52,50719.84,50100.01,54761.02,619.83,1.2221,H1_EMA100
428,EMS-base,2021-03-11 13:30:00+0100,2021-03-12 14:00:00+0100,24.5,Long,SL,-1.0,55961.65,55407.18,55407.18,554.47,0.9908,STRUCTURAL_SL
429,EMS-base,2021-03-12 18:00:00+0100,2021-03-13 03:00:00+0100,9.0,Long,SL,-0.41,57367.21,54962.84,56386.39,2404.37,4.1912,H1_EMA100
430,EMS-base,2021-03-13 07:00:00+0100,2021-03-15 01:00:00+0100,42.0,Long,TP,4.56,56744.89,56257.47,58968.31,487.42,0.859,H1_EMA100
431,EMS-base,2021-03-15 05:30:00+0100,2021-03-15 06:00:00+0100,0.5,Long,SL,-1.0,60374.7,60037.61,60037.61,337.09,0.5583,STRUCTURAL_SL
432,EMS-base,2021-03-17 20:30:00+0100,2021-03-18 21:00:00+0100,24.5,Long,SL,-0.17,57735.59,55162.6,57293.79,2572.99,4.4565,H1_EMA100
433,EMS-base,2021-03-19 08:30:00+0100,2021-03-19 09:00:00+0100,0.5,Long,SL,-1.0,58238.76,57603.92,57603.92,634.84,1.0901,STRUCTURAL_SL
434,EMS-base,2021-03-19 09:30:00+0100,2021-03-20 01:00:00+0100,15.5,Long,SL,-0.16,58132.94,57499.63,58030.01,633.31,1.0894,H1_EMA100
435,EMS-base,2021-03-22 08:30:00+0100,2021-03-22 09:30:00+0100,1.0,Long,SL,-1.0,57817.99,57315.22,57315.22,502.77,0.8696,STRUCTURAL_SL
436,EMS-base,2021-03-24 10:00:00+0100,2021-03-24 20:00:00+0100,10.0,Long,SL,-0.35,56280.4,53700.0,55378.91,2580.4,4.5849,H1_EMA100
437,EMS-base,2021-03-26 09:00:00+0100,2021-03-26 13:00:00+0100,4.0,Long,SL,-0.73,53569.24,52400.86,52710.96,1168.38,2.1811,H1_EMA100
438,EMS-base,2021-03-29 11:00:00+0200,2021-03-31 11:00:00+0200,48.0,Long,TP,0.66,57129.58,55854.55,57975.33,1275.03,2.2318,H1_EMA100
439,EMS-base,2021-03-31 17:30:00+0200,2021-03-31 22:00:00+0200,4.5,Long,SL,-1.0,59107.02,58370.2,58370.2,736.82,1.2466,STRUCTURAL_SL
440,EMS-base,2021-04-01 15:30:00+0200,2021-04-01 20:00:00+0200,4.5,Long,SL,-0.52,58928.93,58115.0,58501.63,813.93,1.3812,H1_EMA100
441,EMS-base,2021-04-01 23:00:00+0200,2021-04-01 23:30:00+0200,0.5,Long,SL,-1.0,58854.75,58599.67,58599.67,255.08,0.4334,STRUCTURAL_SL
442,EMS-base,2021-04-02 01:00:00+0200,2021-04-02 02:30:00+0200,1.5,Long,SL,-1.0,59007.29,58524.7,58524.7,482.59,0.8178,STRUCTURAL_SL
443,EMS-base,2021-04-02 04:30:00+0200,2021-04-02 22:00:00+0200,17.5,Long,SL,-0.61,59473.62,58455.1,58850.0,1018.52,1.7126,H1_EMA100
444,EMS-base,2021-04-03 05:30:00+0200,2021-04-03 10:30:00+0200,5.0,Long,SL,-1.0,59277.07,59003.0,59003.0,274.07,0.4624,STRUCTURAL_SL
445,EMS-base,2021-04-05 16:30:00+0200,2021-04-06 13:00:00+0200,20.5,Long,SL,-0.31,58636.59,57746.74,58365.0,889.85,1.5176,H1_EMA100
446,EMS-base,2021-04-08 15:30:00+0200,2021-04-10 23:00:00+0200,55.5,Long,TP,1.03,57445.77,56311.77,58615.28,1134.0,1.974,H1_EMA100
447,EMS-base,2021-04-12 01:00:00+0200,2021-04-12 12:30:00+0200,11.5,Long,SL,-1.0,60101.68,59433.29,59433.29,668.39,1.1121,STRUCTURAL_SL
448,EMS-base,2021-04-13 03:00:00+0200,2021-04-14 20:00:00+0200,41.0,Long,TP,2.78,60452.35,59805.15,62250.14,647.2,1.0706,H1_EMA100
449,EMS-base,2021-04-15 22:30:00+0200,2021-04-16 06:30:00+0200,8.0,Long,SL,-1.0,63582.65,62500.41,62500.41,1082.24,1.7021,STRUCTURAL_SL
450,EMS-base,2021-04-17 06:30:00+0200,2021-04-17 08:00:00+0200,1.5,Long,SL,-1.0,62234.11,61911.13,61911.13,322.98,0.519,STRUCTURAL_SL
451,EMS-base,2021-04-20 21:00:00+0200,2021-04-21 03:00:00+0200,6.0,Long,SL,-0.73,56254.98,55465.15,55679.99,789.83,1.404,H1_EMA100
452,EMS-base,2021-04-26 04:30:00+0200,2021-04-29 06:00:00+0200,73.5,Long,TP,1.55,51935.63,50437.37,54265.1,1498.26,2.8848,H1_EMA100
453,EMS-base,2021-04-30 09:00:00+0200,2021-04-30 10:00:00+0200,1.0,Long,SL,-1.0,54415.0,54161.58,54161.58,253.42,0.4657,STRUCTURAL_SL
454,EMS-base,2021-05-03 04:00:00+0200,2021-05-03 23:00:00+0200,19.0,Long,SL,-0.69,58042.83,56212.0,56783.94,1830.83,3.1543,H1_EMA100
455,EMS-base,2021-05-05 15:30:00+0200,2021-05-06 21:00:00+0200,29.5,Long,SL,-0.17,55903.0,55000.0,55753.57,903.0,1.6153,H1_EMA100
456,EMS-base,2021-05-07 15:30:00+0200,2021-05-09 10:00:00+0200,42.5,Long,TP,0.86,57160.38,56228.24,57965.59,932.14,1.6307,H1_EMA100
457,EMS-base,2021-05-10 03:30:00+0200,2021-05-10 11:30:00+0200,8.0,Long,SL,-1.0,58683.04,58009.96,58009.96,673.08,1.147,STRUCTURAL_SL
458,EMS-base,2021-05-11 22:30:00+0200,2021-05-12 00:00:00+0200,1.5,Long,SL,-0.45,56726.95,56249.38,56510.26,477.57,0.8419,H1_EMA100
459,EMS-base,2021-05-12 16:00:00+0200,2021-05-12 17:00:00+0200,1.0,Long,SL,-0.65,56760.1,55700.0,56073.03,1060.1,1.8677,H1_EMA100
460,EMS-base,2021-05-16 12:00:00+0200,2021-05-16 14:00:00+0200,2.0,Long,SL,-0.41,49264.68,48656.0,49014.99,608.68,1.2355,H1_EMA100
461,EMS-base,2021-05-24 09:30:00+0200,2021-05-25 13:00:00+0200,27.5,Long,TP,0.42,36197.75,34031.0,37103.24,2166.75,5.9859,H1_EMA100
462,EMS-base,2021-05-27 00:30:00+0200,2021-05-27 02:30:00+0200,2.0,Long,SL,-1.0,39091.75,38518.09,38518.09,573.66,1.4675,STRUCTURAL_SL
463,EMS-base,2021-05-27 13:30:00+0200,2021-05-27 18:00:00+0200,4.5,Long,SL,-1.0,39596.85,39083.54,39083.54,513.31,1.2963,STRUCTURAL_SL
464,EMS-base,2021-05-30 10:30:00+0200,2021-05-30 14:30:00+0200,4.0,Long,SL,-1.0,35615.41,35546.42,35546.42,68.99,0.1937,STRUCTURAL_SL
465,EMS-base,2021-05-31 11:30:00+0200,2021-06-01 11:00:00+0200,23.5,Long,TP,0.01,36181.78,34335.0,36197.77,1846.78,5.1042,H1_EMA100
466,EMS-base,2021-06-01 16:00:00+0200,2021-06-01 18:00:00+0200,2.0,Long,SL,-0.58,37036.57,35666.0,36235.29,1370.57,3.7006,H1_EMA100
467,EMS-base,2021-06-02 07:30:00+0200,2021-06-04 04:00:00+0200,44.5,Long,TP,6.23,36588.94,36378.55,37900.0,210.39,0.575,H1_EMA100
468,EMS-base,2021-06-07 04:30:00+0200,2021-06-07 07:00:00+0200,2.5,Long,SL,-0.8,36585.0,36164.63,36250.01,420.37,1.149,H1_EMA100
469,EMS-base,2021-06-09 09:30:00+0200,2021-06-12 04:00:00+0200,66.5,Long,TP,2.76,34151.75,33400.0,36228.43,751.75,2.2012,H1_EMA100
470,EMS-base,2021-06-13 15:30:00+0200,2021-06-13 16:00:00+0200,0.5,Long,SL,-1.0,36000.07,35738.37,35738.37,261.7,0.7269,STRUCTURAL_SL
471,EMS-base,2021-06-21 01:00:00+0200,2021-06-21 02:00:00+0200,1.0,Long,SL,-1.0,35650.1,35391.24,35391.24,258.86,0.7261,STRUCTURAL_SL
472,EMS-base,2021-06-24 14:30:00+0200,2021-06-25 12:00:00+0200,21.5,Long,SL,-0.3,34015.72,33135.0,33749.44,880.72,2.5892,H1_EMA100
473,EMS-base,2021-06-27 03:30:00+0200,2021-06-27 23:00:00+0200,19.5,Long,SL,-0.29,32900.0,31973.45,32627.03,926.55,2.8163,H1_EMA100
474,EMS-base,2021-07-03 01:30:00+0200,2021-07-03 03:00:00+0200,1.5,Long,SL,-0.3,33719.91,33068.18,33526.82,651.73,1.9328,H1_EMA100
475,EMS-base,2021-07-06 08:00:00+0200,2021-07-06 12:00:00+0200,4.0,Long,SL,-0.63,34793.39,33857.44,34204.56,935.95,2.69,H1_EMA100
476,EMS-base,2021-07-07 06:00:00+0200,2021-07-08 00:00:00+0200,18.0,Long,SL,-0.46,34445.55,33995.31,34239.86,450.24,1.3071,H1_EMA100
477,EMS-base,2021-07-09 16:30:00+0200,2021-07-10 20:00:00+0200,27.5,Long,SL,-0.09,33473.4,32635.08,33397.27,838.32,2.5044,H1_EMA100
478,EMS-base,2021-07-11 12:00:00+0200,2021-07-12 13:00:00+0200,25.0,Long,TP,0.25,33693.45,33372.06,33775.15,321.39,0.9539,H1_EMA100
479,EMS-base,2021-07-14 18:00:00+0200,2021-07-14 22:00:00+0200,4.0,Long,SL,-0.11,32786.01,32280.0,32729.76,506.01,1.5434,H1_EMA100
480,EMS-base,2021-07-16 20:00:00+0200,2021-07-16 21:00:00+0200,1.0,Long,SL,-0.37,32055.24,31787.01,31956.38,268.23,0.8368,H1_EMA100
481,EMS-base,2021-07-21 07:30:00+0200,2021-07-27 05:00:00+0200,141.5,Long,TP,4.8,30694.35,29482.61,36515.68,1211.74,3.9478,H1_EMA100
482,EMS-base,2021-07-27 14:30:00+0200,2021-07-30 11:00:00+0200,68.5,Long,TP,0.85,37996.73,37144.0,38723.01,852.73,2.2442,H1_EMA100
483,EMS-base,2021-07-30 23:30:00+0200,2021-08-01 20:00:00+0200,44.5,Long,TP,0.12,40873.43,39058.96,41084.75,1814.47,4.4392,H1_EMA100
484,EMS-base,2021-08-04 16:30:00+0200,2021-08-05 10:00:00+0200,17.5,Long,SL,-0.14,39097.91,37508.56,38870.59,1589.35,4.0651,H1_EMA100
485,EMS-base,2021-08-05 19:30:00+0200,2021-08-09 03:00:00+0200,79.5,Long,TP,1.83,40185.69,38545.59,43185.8,1640.1,4.0813,H1_EMA100
486,EMS-base,2021-08-09 12:30:00+0200,2021-08-10 19:00:00+0200,30.5,Long,SL,-0.13,44970.64,43600.92,44793.89,1369.72,3.0458,H1_EMA100
487,EMS-base,2021-08-11 02:30:00+0200,2021-08-12 02:00:00+0200,23.5,Long,SL,-0.13,45551.99,45233.9,45511.0,318.09,0.6983,H1_EMA100
488,EMS-base,2021-08-13 10:30:00+0200,2021-08-14 13:00:00+0200,26.5,Long,TP,0.13,46061.18,44217.39,46308.15,1843.79,4.0029,H1_EMA100
489,EMS-base,2021-08-14 22:00:00+0200,2021-08-14 22:30:00+0200,0.5,Long,SL,-1.0,47033.77,46652.03,46652.03,381.74,0.8116,STRUCTURAL_SL
490,EMS-base,2021-08-15 00:30:00+0200,2021-08-15 08:00:00+0200,7.5,Long,SL,-0.61,47076.7,46331.28,46622.09,745.42,1.5834,H1_EMA100
491,EMS-base,2021-08-16 01:00:00+0200,2021-08-16 16:00:00+0200,15.0,Long,SL,-0.68,47210.67,46070.52,46440.28,1140.15,2.415,H1_EMA100
492,EMS-base,2021-08-17 14:30:00+0200,2021-08-17 15:00:00+0200,0.5,Long,SL,-1.0,47013.09,46586.97,46586.97,426.12,0.9064,STRUCTURAL_SL
493,EMS-base,2021-08-18 20:00:00+0200,2021-08-18 20:30:00+0200,0.5,Long,SL,-1.0,45813.9,45593.22,45593.22,220.68,0.4817,STRUCTURAL_SL
494,EMS-base,2021-08-19 18:00:00+0200,2021-08-22 17:00:00+0200,71.0,Long,TP,1.78,45779.59,44391.55,48251.21,1388.04,3.032,H1_EMA100
495,EMS-base,2021-08-23 02:30:00+0200,2021-08-23 22:00:00+0200,19.5,Long,SL,-0.06,49301.27,48245.93,49239.69,1055.34,2.1406,H1_EMA100
496,EMS-base,2021-08-24 11:00:00+0200,2021-08-24 12:30:00+0200,1.5,Long,SL,-1.0,49673.43,49432.07,49432.07,241.36,0.4859,STRUCTURAL_SL
497,EMS-base,2021-08-25 20:30:00+0200,2021-08-26 05:00:00+0200,8.5,Long,SL,-1.0,48884.68,48507.71,48507.71,376.97,0.7711,STRUCTURAL_SL
498,EMS-base,2021-08-29 22:00:00+0200,2021-08-29 23:30:00+0200,1.5,Long,SL,-1.0,48799.28,48688.48,48688.48,110.8,0.2271,STRUCTURAL_SL
499,EMS-base,2021-08-30 23:00:00+0200,2021-08-30 23:30:00+0200,0.5,Long,SL,-1.0,48622.06,48350.0,48350.0,272.06,0.5595,STRUCTURAL_SL
500,EMS-base,2021-09-01 13:00:00+0200,2021-09-01 16:00:00+0200,3.0,Long,SL,-0.11,47515.73,47090.31,47468.06,425.42,0.8953,H1_EMA100
501,EMS-base,2021-09-03 07:00:00+0200,2021-09-04 13:00:00+0200,30.0,Long,TP,0.06,49707.19,48316.84,49789.59,1390.35,2.7971,H1_EMA100
502,EMS-base,2021-09-05 00:30:00+0200,2021-09-05 06:00:00+0200,5.5,Long,SL,-0.93,50179.73,49624.12,49663.21,555.61,1.1072,H1_EMA100
503,EMS-base,2021-09-05 14:00:00+0200,2021-09-07 11:00:00+0200,45.0,Long,TP,2.97,50198.78,49864.53,51192.7,334.25,0.6659,H1_EMA100
504,EMS-base,2021-09-11 19:00:00+0200,2021-09-11 20:00:00+0200,1.0,Long,SL,-0.51,45853.71,45405.5,45626.3,448.21,0.9775,H1_EMA100
505,EMS-base,2021-09-12 11:00:00+0200,2021-09-12 22:30:00+0200,11.5,Long,SL,-1.0,46123.91,45044.0,45044.0,1079.91,2.3413,STRUCTURAL_SL
506,EMS-base,2021-09-17 06:00:00+0200,2021-09-17 09:30:00+0200,3.5,Long,SL,-1.0,47899.83,47715.35,47715.35,184.48,0.3851,STRUCTURAL_SL
507,EMS-base,2021-09-18 06:30:00+0200,2021-09-19 00:00:00+0200,17.5,Long,SL,-0.22,48106.99,47035.56,47874.92,1071.43,2.2272,H1_EMA100
508,EMS-base,2021-09-19 12:00:00+0200,2021-09-19 13:00:00+0200,1.0,Long,SL,-1.0,48117.19,47924.97,47924.97,192.22,0.3995,STRUCTURAL_SL
509,EMS-base,2021-09-22 18:00:00+0200,2021-09-24 12:00:00+0200,42.0,Long,SL,-0.92,43222.96,42277.16,42350.81,945.8,2.1882,H1_EMA100
510,EMS-base,2021-09-26 14:00:00+0200,2021-09-27 17:00:00+0200,27.0,Long,TP,0.06,43063.57,40750.0,43192.38,2313.57,5.3725,H1_EMA100
511,EMS-base,2021-09-29 12:00:00+0200,2021-09-29 14:30:00+0200,2.5,Long,SL,-1.0,42252.57,42000.0,42000.0,252.57,0.5978,STRUCTURAL_SL
512,EMS-base,2021-09-30 04:30:00+0200,2021-10-04 06:00:00+0200,97.5,Long,TP,2.11,43127.4,41071.29,47468.79,2056.11,4.7675,H1_EMA100
513,EMS-base,2021-10-04 19:00:00+0200,2021-10-08 23:00:00+0200,100.0,Long,TP,3.19,48589.99,46891.0,54001.7,1698.99,3.4966,H1_EMA100
514,EMS-base,2021-10-09 08:00:00+0200,2021-10-10 04:00:00+0200,20.0,Long,SL,-0.28,54597.78,53841.41,54382.83,756.37,1.3853,H1_EMA100
515,EMS-base,2021-10-11 03:30:00+0200,2021-10-12 17:00:00+0200,37.5,Long,TP,0.75,55513.32,54333.85,56397.9,1179.47,2.1247,H1_EMA100
516,EMS-base,2021-10-13 20:00:00+0200,2021-10-15 03:00:00+0200,31.0,Long,TP,0.19,56891.11,56039.78,57050.36,851.33,1.4964,H1_EMA100
517,EMS-base,2021-10-16 23:00:00+0200,2021-10-17 00:00:00+0200,1.0,Long,SL,-1.0,61027.39,60545.95,60545.95,481.44,0.7889,STRUCTURAL_SL
518,EMS-base,2021-10-17 05:30:00+0200,2021-10-17 07:00:00+0200,1.5,Long,SL,-1.0,61216.82,60849.56,60849.56,367.26,0.5999,STRUCTURAL_SL
519,EMS-base,2021-10-17 13:30:00+0200,2021-10-17 15:30:00+0200,2.0,Long,SL,-1.0,61113.61,60619.89,60619.89,493.72,0.8079,STRUCTURAL_SL
520,EMS-base,2021-10-17 19:30:00+0200,2021-10-17 21:30:00+0200,2.0,Long,SL,-1.0,60975.67,60471.97,60471.97,503.7,0.8261,STRUCTURAL_SL
521,EMS-base,2021-10-18 02:30:00+0200,2021-10-18 11:30:00+0200,9.0,Long,SL,-1.0,61954.0,61166.07,61166.07,787.93,1.2718,STRUCTURAL_SL
522,EMS-base,2021-10-25 03:00:00+0200,2021-10-26 16:00:00+0200,37.0,Long,TP,0.34,61813.4,60650.0,62207.82,1163.4,1.8821,H1_EMA100
523,EMS-base,2021-10-28 12:00:00+0200,2021-10-28 20:30:00+0200,8.5,Long,SL,-1.0,61049.58,60387.66,60387.66,661.92,1.0842,STRUCTURAL_SL
524,EMS-base,2021-10-30 15:30:00+0200,2021-10-30 16:00:00+0200,0.5,Long,SL,-1.0,61700.0,61305.0,61305.0,395.0,0.6402,STRUCTURAL_SL
525,EMS-base,2021-10-31 02:30:00+0200,2021-10-31 06:00:00+0100,4.5,Long,SL,-0.79,62246.3,61175.01,61404.85,1071.29,1.7211,H1_EMA100
526,EMS-base,2021-11-01 02:00:00+0100,2021-11-01 03:00:00+0100,1.0,Long,SL,-1.0,61560.49,61115.33,61115.33,445.16,0.7231,STRUCTURAL_SL
527,EMS-base,2021-11-01 09:30:00+0100,2021-11-01 18:00:00+0100,8.5,Long,SL,-0.57,62045.87,60284.0,61034.83,1761.87,2.8396,H1_EMA100
528,EMS-base,2021-11-02 07:00:00+0100,2021-11-03 14:00:00+0100,31.0,Long,TP,0.73,61754.25,60770.82,62470.01,983.43,1.5925,H1_EMA100
529,EMS-base,2021-11-04 00:00:00+0100,2021-11-04 02:00:00+0100,2.0,Long,SL,-1.0,62794.49,62555.0,62555.0,239.49,0.3814,STRUCTURAL_SL
530,EMS-base,2021-11-05 07:30:00+0100,2021-11-05 10:00:00+0100,2.5,Long,SL,-1.0,62447.09,61880.88,61880.88,566.21,0.9067,STRUCTURAL_SL
531,EMS-base,2021-11-07 00:00:00+0100,2021-11-10 07:00:00+0100,79.0,Long,TP,20.03,61361.41,61112.68,66342.74,248.73,0.4054,H1_EMA100
532,EMS-base,2021-11-10 15:30:00+0100,2021-11-10 21:00:00+0100,5.5,Long,SL,-0.69,68329.36,65888.0,66650.99,2441.36,3.5729,H1_EMA100
533,EMS-base,2021-11-13 17:00:00+0100,2021-11-13 20:00:00+0100,3.0,Long,SL,-0.44,64689.0,63427.86,64134.69,1261.14,1.9495,H1_EMA100
534,EMS-base,2021-11-15 01:00:00+0100,2021-11-15 16:00:00+0100,15.0,Long,SL,-0.57,65519.11,64341.77,64851.0,1177.34,1.7969,H1_EMA100
535,EMS-base,2021-11-23 18:30:00+0100,2021-11-24 03:00:00+0100,8.5,Long,SL,-0.69,57513.7,56827.37,57038.74,686.33,1.1933,H1_EMA100
536,EMS-base,2021-11-24 22:30:00+0100,2021-11-26 05:00:00+0100,30.5,Long,TP,0.97,57244.99,56571.42,57900.91,673.57,1.1766,H1_EMA100
537,EMS-base,2021-11-28 22:30:00+0100,2021-11-30 07:00:00+0100,32.5,Long,TP,0.21,55762.3,53256.64,56286.07,2505.66,4.4935,H1_EMA100
538,EMS-base,2021-11-30 14:00:00+0100,2021-11-30 17:00:00+0100,3.0,Long,SL,-1.0,57819.22,56561.44,56561.44,1257.78,2.1754,STRUCTURAL_SL
539,EMS-base,2021-12-01 15:30:00+0100,2021-12-01 21:00:00+0100,5.5,Long,SL,-1.0,58501.67,57000.0,57000.0,1501.67,2.5669,STRUCTURAL_SL
540,EMS-base,2021-12-03 12:30:00+0100,2021-12-03 14:00:00+0100,1.5,Long,SL,-0.67,57042.47,56664.27,56789.77,378.2,0.663,H1_EMA100
541,EMS-base,2021-12-08 21:30:00+0100,2021-12-09 00:00:00+0100,2.5,Long,SL,-0.64,50533.74,50052.12,50224.42,481.62,0.9531,H1_EMA100
542,EMS-base,2021-12-10 15:30:00+0100,2021-12-10 16:00:00+0100,0.5,Long,SL,-1.0,49477.68,48850.0,48850.0,627.68,1.2686,STRUCTURAL_SL
543,EMS-base,2021-12-14 23:30:00+0100,2021-12-15 14:00:00+0100,14.5,Long,SL,-0.39,48139.9,46735.0,47588.42,1404.9,2.9184,H1_EMA100
544,EMS-base,2021-12-15 21:30:00+0100,2021-12-16 19:00:00+0100,21.5,Long,SL,-0.43,49240.85,46547.0,48084.14,2693.85,5.4708,H1_EMA100
545,EMS-base,2021-12-19 04:00:00+0100,2021-12-19 19:00:00+0100,15.0,Long,SL,-0.01,47150.01,46406.91,47141.22,743.1,1.576,H1_EMA100
546,EMS-base,2021-12-20 23:30:00+0100,2021-12-23 02:00:00+0100,50.5,Long,TP,1.77,46842.14,46025.01,48290.0,817.13,1.7444,H1_EMA100
547,EMS-base,2021-12-23 18:00:00+0100,2021-12-26 01:00:00+0100,55.0,Long,TP,3.18,49089.49,48677.52,50399.66,411.97,0.8392,H1_EMA100
548,EMS-base,2021-12-26 23:30:00+0100,2021-12-28 01:00:00+0100,25.5,Long,SL,-0.16,50848.36,49914.73,50701.44,933.63,1.8361,H1_EMA100
549,EMS-base,2022-01-01 17:30:00+0100,2022-01-02 05:30:00+0100,12.0,Long,SL,-1.0,47480.46,46850.18,46850.18,630.28,1.3275,STRUCTURAL_SL
550,EMS-base,2022-01-02 17:30:00+0100,2022-01-02 19:00:00+0100,1.5,Long,SL,-1.0,47420.64,47020.0,47020.0,400.64,0.8449,STRUCTURAL_SL
551,EMS-base,2022-01-03 14:30:00+0100,2022-01-03 15:30:00+0100,1.0,Long,SL,-1.0,47304.97,46778.0,46778.0,526.97,1.114,STRUCTURAL_SL
552,EMS-base,2022-01-04 15:00:00+0100,2022-01-04 19:00:00+0100,4.0,Long,SL,-0.73,46955.22,46410.0,46555.01,545.22,1.1611,H1_EMA100
553,EMS-base,2022-01-05 11:00:00+0100,2022-01-05 12:30:00+0100,1.5,Long,SL,-1.0,46858.93,46250.49,46250.49,608.44,1.2985,STRUCTURAL_SL
554,EMS-base,2022-01-05 16:00:00+0100,2022-01-05 18:00:00+0100,2.0,Long,SL,-0.72,46689.52,46150.35,46301.62,539.17,1.1548,H1_EMA100
555,EMS-base,2022-01-09 18:30:00+0100,2022-01-10 01:00:00+0100,6.5,Long,SL,-0.21,42038.45,41200.02,41864.62,838.43,1.9944,H1_EMA100
556,EMS-base,2022-01-11 03:00:00+0100,2022-01-11 12:00:00+0100,9.0,Long,SL,-0.78,41928.82,41544.64,41631.02,384.18,0.9163,H1_EMA100
557,EMS-base,2022-01-14 21:00:00+0100,2022-01-15 05:00:00+0100,8.0,Long,SL,-0.5,43077.93,42777.0,42927.96,300.93,0.6986,H1_EMA100
558,EMS-base,2022-01-16 09:00:00+0100,2022-01-16 11:30:00+0100,2.5,Long,SL,-1.0,43202.21,42925.88,42925.88,276.33,0.6396,STRUCTURAL_SL
559,EMS-base,2022-01-16 17:00:00+0100,2022-01-16 19:00:00+0100,2.0,Long,SL,-0.23,43219.54,42581.79,43071.88,637.75,1.4756,H1_EMA100
560,EMS-base,2022-01-19 01:00:00+0100,2022-01-19 05:00:00+0100,4.0,Long,SL,-0.76,42352.12,41500.99,41706.41,851.13,2.0097,H1_EMA100
561,EMS-base,2022-01-19 16:00:00+0100,2022-01-19 16:30:00+0100,0.5,Long,SL,-1.0,42495.38,42000.0,42000.0,495.38,1.1657,STRUCTURAL_SL
562,EMS-base,2022-01-20 08:30:00+0100,2022-01-20 10:00:00+0100,1.5,Long,SL,-0.03,41973.7,41768.48,41966.58,205.22,0.4889,H1_EMA100
563,EMS-base,2022-01-24 01:30:00+0100,2022-01-24 03:00:00+0100,1.5,Long,SL,-0.14,35819.41,34601.01,35652.22,1218.4,3.4015,H1_EMA100
564,EMS-base,2022-01-24 21:30:00+0100,2022-01-26 22:00:00+0100,48.5,Long,TP,0.4,36092.2,33803.13,37015.05,2289.07,6.3423,H1_EMA100
565,EMS-base,2022-01-28 02:30:00+0100,2022-01-28 10:00:00+0100,7.5,Long,SL,-0.28,36950.85,35890.02,36658.47,1060.83,2.8709,H1_EMA100
566,EMS-base,2022-01-28 16:30:00+0100,2022-01-30 21:00:00+0100,52.5,Long,TP,0.63,36985.43,36155.01,37512.37,830.42,2.2453,H1_EMA100
567,EMS-base,2022-01-31 18:00:00+0100,2022-02-02 08:00:00+0100,38.0,Long,SL,-0.04,38341.99,36724.0,38277.51,1617.99,4.2199,H1_EMA100
568,EMS-base,2022-02-02 12:00:00+0100,2022-02-02 14:30:00+0100,2.5,Long,SL,-1.0,38566.25,38359.08,38359.08,207.17,0.5372,STRUCTURAL_SL
569,EMS-base,2022-02-04 04:00:00+0100,2022-02-04 15:00:00+0100,11.0,Long,TP,0.32,37326.26,37026.73,37421.4,299.53,0.8025,H1_EMA100
570,EMS-base,2022-02-08 23:30:00+0100,2022-02-09 04:00:00+0100,4.5,Long,SL,-0.53,44052.83,42700.0,43340.22,1352.83,3.0709,H1_EMA100
571,EMS-base,2022-02-09 14:00:00+0100,2022-02-10 05:00:00+0100,15.0,Long,SL,-0.48,44141.57,43371.62,43775.42,769.95,1.7443,H1_EMA100
572,EMS-base,2022-02-14 14:30:00+0100,2022-02-14 20:00:00+0100,5.5,Long,SL,-0.59,42620.4,41961.13,42233.91,659.27,1.5468,H1_EMA100
573,EMS-base,2022-02-16 21:30:00+0100,2022-02-17 05:00:00+0100,7.5,Long,SL,-0.89,44229.91,43506.64,43583.05,723.27,1.6353,H1_EMA100
574,EMS-base,2022-02-21 06:30:00+0100,2022-02-21 08:00:00+0100,1.5,Long,SL,-0.31,39387.09,38800.57,39204.39,586.52,1.4891,H1_EMA100
575,EMS-base,2022-02-24 22:00:00+0100,2022-02-27 02:00:00+0100,52.0,Long,TP,0.14,38421.98,35800.0,38788.64,2621.98,6.8242,H1_EMA100
576,EMS-base,2022-02-27 12:30:00+0100,2022-02-27 14:30:00+0100,2.0,Long,SL,-1.0,39500.51,38621.57,38621.57,878.94,2.2251,STRUCTURAL_SL
577,EMS-base,2022-02-28 16:00:00+0100,2022-03-03 05:00:00+0100,61.0,Long,TP,1.85,39826.37,37948.47,43305.77,1877.9,4.7152,H1_EMA100
578,EMS-base,2022-03-07 17:00:00+0100,2022-03-07 18:00:00+0100,1.0,Long,SL,-0.55,39071.49,38631.0,38828.33,440.49,1.1274,H1_EMA100
579,EMS-base,2022-03-13 05:30:00+0100,2022-03-13 06:00:00+0100,0.5,Long,SL,-1.0,39203.95,39104.46,39104.46,99.49,0.2538,STRUCTURAL_SL
580,EMS-base,2022-03-14 11:00:00+0100,2022-03-14 12:00:00+0100,1.0,Long,SL,-1.0,39154.99,38853.74,38853.74,301.25,0.7694,STRUCTURAL_SL
581,EMS-base,2022-03-15 16:30:00+0100,2022-03-18 02:00:00+0100,57.5,Long,TP,1.75,39146.16,38465.7,40335.84,680.46,1.7383,H1_EMA100
582,EMS-base,2022-03-18 17:30:00+0100,2022-03-20 13:00:00+0100,43.5,Long,TP,0.28,41339.94,40442.0,41586.86,897.94,2.1721,H1_EMA100
583,EMS-base,2022-03-22 04:00:00+0100,2022-03-23 06:00:00+0100,26.0,Long,TP,0.13,41841.09,41035.2,41944.35,805.89,1.9261,H1_EMA100
584,EMS-base,2022-03-23 17:00:00+0100,2022-03-23 20:00:00+0100,3.0,Long,SL,-0.82,42618.18,41969.0,42087.94,649.18,1.5232,H1_EMA100
585,EMS-base,2022-04-01 19:30:00+0200,2022-04-02 18:00:00+0200,22.5,Long,TP,0.01,46280.0,44701.01,46295.06,1578.99,3.4118,H1_EMA100
586,EMS-base,2022-04-03 11:30:00+0200,2022-04-03 12:30:00+0200,1.0,Long,SL,-1.0,46356.49,46168.92,46168.92,187.57,0.4046,STRUCTURAL_SL
587,EMS-base,2022-04-05 01:00:00+0200,2022-04-05 15:00:00+0200,14.0,Long,SL,-1.0,46666.67,46372.05,46372.05,294.62,0.6313,STRUCTURAL_SL
588,EMS-base,2022-04-13 17:00:00+0200,2022-04-14 16:00:00+0200,23.0,Long,SL,-0.04,40642.1,39622.87,40605.62,1019.23,2.5078,H1_EMA100
589,EMS-base,2022-04-15 19:30:00+0200,2022-04-15 22:00:00+0200,2.5,Long,SL,-0.58,40464.35,40203.68,40313.35,260.67,0.6442,H1_EMA100
590,EMS-base,2022-04-17 04:00:00+0200,2022-04-17 04:30:00+0200,0.5,Long,SL,-1.0,40387.44,40300.84,40300.84,86.6,0.2144,STRUCTURAL_SL
591,EMS-base,2022-04-17 11:30:00+0200,2022-04-17 16:00:00+0200,4.5,Long,SL,-0.7,40471.42,40234.79,40306.56,236.63,0.5847,H1_EMA100
592,EMS-base,2022-04-18 21:00:00+0200,2022-04-20 21:00:00+0200,48.0,Long,TP,0.19,40646.01,39000.0,40965.95,1646.01,4.0496,H1_EMA100
593,EMS-base,2022-04-25 21:00:00+0200,2022-04-26 16:00:00+0200,19.0,Long,SL,-0.11,39887.04,39297.61,39823.53,589.43,1.4777,H1_EMA100
594,EMS-base,2022-04-27 19:30:00+0200,2022-04-27 21:00:00+0200,1.5,Long,SL,-0.46,39080.0,38435.95,38785.71,644.05,1.648,H1_EMA100
595,EMS-base,2022-05-01 20:00:00+0200,2022-05-01 21:00:00+0200,1.0,Long,SL,-0.91,38382.47,37891.9,37934.91,490.57,1.2781,H1_EMA100
596,EMS-base,2022-05-03 01:30:00+0200,2022-05-03 02:00:00+0200,0.5,Long,SL,-1.0,38681.95,38572.32,38572.32,109.63,0.2834,STRUCTURAL_SL
597,EMS-base,2022-05-04 10:30:00+0200,2022-05-05 16:00:00+0200,29.5,Long,TP,0.18,38834.22,37944.25,38992.54,889.97,2.2917,H1_EMA100
598,EMS-base,2022-05-13 04:30:00+0200,2022-05-13 20:00:00+0200,15.5,Long,SL,-0.55,30014.63,29255.25,29599.65,759.38,2.53,H1_EMA100
599,EMS-base,2022-05-15 01:00:00+0200,2022-05-15 05:30:00+0200,4.5,Long,SL,-1.0,30239.33,29578.28,29578.28,661.05,2.1861,STRUCTURAL_SL
600,EMS-base,2022-05-17 06:00:00+0200,2022-05-17 17:00:00+0200,11.0,Long,SL,-0.63,30363.59,29894.72,30066.01,468.87,1.5442,H1_EMA100
601,EMS-base,2022-05-18 00:00:00+0200,2022-05-18 03:30:00+0200,3.5,Long,SL,-1.0,30551.8,30080.0,30080.0,471.8,1.5443,STRUCTURAL_SL
602,EMS-base,2022-05-19 16:30:00+0200,2022-05-20 17:00:00+0200,24.5,Long,SL,-0.66,29746.94,29353.82,29489.33,393.12,1.3215,H1_EMA100
603,EMS-base,2022-05-22 11:00:00+0200,2022-05-23 21:00:00+0200,34.0,Long,TP,1.65,29555.03,29358.83,29879.36,196.2,0.6638,H1_EMA100
604,EMS-base,2022-05-25 02:00:00+0200,2022-05-25 13:30:00+0200,11.5,Long,SL,-1.0,29654.58,29531.84,29531.84,122.74,0.4139,STRUCTURAL_SL
605,EMS-base,2022-05-28 16:00:00+0200,2022-05-28 17:00:00+0200,1.0,Long,SL,-0.42,29071.81,28795.78,28957.23,276.03,0.9495,H1_EMA100
606,EMS-base,2022-06-03 01:00:00+0200,2022-06-03 03:00:00+0200,2.0,Long,SL,-0.33,30482.95,30235.7,30401.53,247.25,0.8111,H1_EMA100
607,EMS-base,2022-06-05 18:00:00+0200,2022-06-07 03:00:00+0200,33.0,Long,TP,0.65,29972.23,29626.65,30197.77,345.58,1.153,H1_EMA100
608,EMS-base,2022-06-07 22:30:00+0200,2022-06-08 05:30:00+0200,7.0,Long,SL,-1.0,31347.74,30131.88,30131.88,1215.86,3.8786,STRUCTURAL_SL
609,EMS-base,2022-06-09 11:30:00+0200,2022-06-09 13:30:00+0200,2.0,Long,SL,-1.0,30584.25,30360.27,30360.27,223.98,0.7323,STRUCTURAL_SL
610,EMS-base,2022-06-16 00:30:00+0200,2022-06-16 06:00:00+0200,5.5,Long,SL,-0.36,22646.72,21450.0,22211.62,1196.72,5.2843,H1_EMA100
611,EMS-base,2022-06-23 11:00:00+0200,2022-06-23 15:30:00+0200,4.5,Long,SL,-1.0,20576.65,20424.98,20424.98,151.67,0.7371,STRUCTURAL_SL
612,EMS-base,2022-06-25 23:30:00+0200,2022-06-26 19:00:00+0200,19.5,Long,SL,-1.0,21381.01,21146.04,21146.04,234.97,1.099,STRUCTURAL_SL
613,EMS-base,2022-06-27 11:30:00+0200,2022-06-27 13:30:00+0200,2.0,Long,SL,-1.0,21436.3,21315.65,21315.65,120.65,0.5628,STRUCTURAL_SL
614,EMS-base,2022-07-01 04:00:00+0200,2022-07-01 06:00:00+0200,2.0,Long,SL,-0.41,20416.45,18740.83,19730.76,1675.62,8.2072,H1_EMA100
615,EMS-base,2022-07-03 22:30:00+0200,2022-07-04 03:00:00+0200,4.5,Long,SL,-0.78,19545.54,19182.64,19263.4,362.9,1.8567,H1_EMA100
616,EMS-base,2022-07-04 12:30:00+0200,2022-07-05 14:00:00+0200,25.5,Long,TP,0.12,19479.67,19140.19,19520.39,339.48,1.7427,H1_EMA100
617,EMS-base,2022-07-05 22:00:00+0200,2022-07-10 03:00:00+0200,101.0,Long,TP,1.12,20398.21,19529.63,21372.91,868.58,4.2581,H1_EMA100
618,EMS-base,2022-07-16 17:00:00+0200,2022-07-17 20:00:00+0200,27.0,Long,TP,0.47,20814.39,20588.72,20921.42,225.67,1.0842,H1_EMA100
619,EMS-base,2022-07-18 07:30:00+0200,2022-07-18 23:00:00+0200,15.5,Long,SL,-0.29,21591.2,21248.54,21493.18,342.66,1.587,H1_EMA100
620,EMS-base,2022-07-22 02:00:00+0200,2022-07-22 05:00:00+0200,3.0,Long,SL,-0.43,23152.19,22772.05,22987.42,380.14,1.6419,H1_EMA100
621,EMS-base,2022-07-22 08:00:00+0200,2022-07-22 19:00:00+0200,11.0,Long,SL,-0.12,23148.46,22805.89,23108.14,342.57,1.4799,H1_EMA100
622,EMS-base,2022-07-24 09:30:00+0200,2022-07-24 12:00:00+0200,2.5,Long,SL,-0.25,22737.0,22257.15,22617.09,479.85,2.1104,H1_EMA100
623,EMS-base,2022-08-02 20:30:00+0200,2022-08-02 22:00:00+0200,1.5,Long,SL,-0.6,23170.73,22806.52,22951.21,364.21,1.5719,H1_EMA100
624,EMS-base,2022-08-03 11:00:00+0200,2022-08-04 00:30:00+0200,13.5,Long,SL,-1.0,23293.27,22954.0,22954.0,339.27,1.4565,STRUCTURAL_SL
625,EMS-base,2022-08-05 07:00:00+0200,2022-08-05 18:00:00+0200,11.0,Long,SL,-0.3,23152.02,22612.42,22988.25,539.6,2.3307,H1_EMA100
626,EMS-base,2022-08-07 19:30:00+0200,2022-08-08 01:00:00+0200,5.5,Long,SL,-1.0,23217.73,23082.76,23082.76,134.97,0.5813,STRUCTURAL_SL
627,EMS-base,2022-08-10 15:30:00+0200,2022-08-12 01:00:00+0200,33.5,Long,SL,-0.21,24134.99,23004.58,23893.28,1130.41,4.6837,H1_EMA100
628,EMS-base,2022-08-12 23:00:00+0200,2022-08-14 19:00:00+0200,44.0,Long,TP,0.49,24225.2,24048.29,24311.45,176.91,0.7303,H1_EMA100
629,EMS-base,2022-08-15 05:00:00+0200,2022-08-15 08:30:00+0200,3.5,Long,SL,-1.0,24918.29,24330.96,24330.96,587.33,2.357,STRUCTURAL_SL
630,EMS-base,2022-08-17 08:00:00+0200,2022-08-17 09:00:00+0200,1.0,Long,SL,-1.0,24165.26,23996.88,23996.88,168.38,0.6968,STRUCTURAL_SL
631,EMS-base,2022-08-23 12:00:00+0200,2022-08-24 03:00:00+0200,15.0,Long,SL,-0.1,21442.58,20890.14,21385.79,552.44,2.5764,H1_EMA100
632,EMS-base,2022-08-24 14:30:00+0200,2022-08-25 02:00:00+0200,11.5,Long,SL,-0.49,21470.28,21261.0,21368.08,209.28,0.9747,H1_EMA100
633,EMS-base,2022-08-29 16:30:00+0200,2022-08-30 16:30:00+0200,24.0,Long,SL,-1.0,20296.82,19865.95,19865.95,430.87,2.1228,STRUCTURAL_SL
634,EMS-base,2022-08-31 06:00:00+0200,2022-08-31 17:00:00+0200,11.0,Long,SL,-0.45,20401.46,19745.43,20108.27,656.03,3.2156,H1_EMA100
635,EMS-base,2022-09-01 00:00:00+0200,2022-09-01 00:30:00+0200,0.5,Long,SL,-1.0,20280.54,20160.0,20160.0,120.54,0.5944,STRUCTURAL_SL
636,EMS-base,2022-09-02 02:30:00+0200,2022-09-02 03:00:00+0200,0.5,Long,SL,-1.0,20092.05,20053.81,20053.81,38.24,0.1903,STRUCTURAL_SL
637,EMS-base,2022-09-04 21:00:00+0200,2022-09-05 01:00:00+0200,4.0,Long,SL,-0.11,19847.69,19722.0,19833.72,125.69,0.6333,H1_EMA100
638,EMS-base,2022-09-06 03:00:00+0200,2022-09-06 04:00:00+0200,1.0,Long,SL,-0.95,20100.26,19752.88,19771.81,347.38,1.7282,H1_EMA100
639,EMS-base,2022-09-07 23:30:00+0200,2022-09-08 04:00:00+0200,4.5,Long,SL,-0.47,19355.07,18987.89,19183.59,367.18,1.8971,H1_EMA100
640,EMS-base,2022-09-17 03:30:00+0200,2022-09-17 06:00:00+0200,2.5,Long,SL,-0.33,19980.73,19693.05,19884.93,287.68,1.4398,H1_EMA100
641,EMS-base,2022-09-19 23:30:00+0200,2022-09-20 03:00:00+0200,3.5,Long,SL,-1.0,19531.51,19413.53,19413.53,117.98,0.604,STRUCTURAL_SL
642,EMS-base,2022-09-21 15:30:00+0200,2022-09-21 20:00:00+0200,4.5,Long,SL,-1.0,19276.46,18823.53,18823.53,452.93,2.3497,STRUCTURAL_SL
643,EMS-base,2022-09-22 12:30:00+0200,2022-09-22 16:00:00+0200,3.5,Long,SL,-0.59,19203.48,18692.48,18903.67,511.0,2.661,H1_EMA100
644,EMS-base,2022-09-24 02:30:00+0200,2022-09-24 10:00:00+0200,7.5,Long,SL,-0.5,19187.44,18803.0,18997.14,384.44,2.0036,H1_EMA100
645,EMS-base,2022-09-25 11:30:00+0200,2022-09-25 12:00:00+0200,0.5,Long,SL,-1.0,19072.75,19006.61,19006.61,66.14,0.3468,STRUCTURAL_SL
646,EMS-base,2022-09-26 12:00:00+0200,2022-09-26 14:00:00+0200,2.0,Long,SL,-0.51,19082.72,18680.72,18876.62,402.0,2.1066,H1_EMA100
647,EMS-base,2022-09-28 19:00:00+0200,2022-09-29 15:00:00+0200,20.0,Long,SL,-0.62,19508.44,19033.54,19211.63,474.9,2.4343,H1_EMA100
648,EMS-base,2022-09-29 23:00:00+0200,2022-09-30 05:00:00+0200,6.0,Long,SL,-0.57,19507.09,19252.1,19360.51,254.99,1.3072,H1_EMA100
649,EMS-base,2022-10-03 15:30:00+0200,2022-10-03 16:00:00+0200,0.5,Long,SL,-1.0,19247.44,19189.47,19189.47,57.97,0.3012,STRUCTURAL_SL
650,EMS-base,2022-10-05 19:00:00+0200,2022-10-06 18:00:00+0200,23.0,Long,SL,-0.44,20231.58,19730.0,20010.0,501.58,2.4792,H1_EMA100
651,EMS-base,2022-10-13 21:30:00+0200,2022-10-14 18:00:00+0200,20.5,Long,TP,0.04,19340.0,18895.08,19358.59,444.92,2.3005,H1_EMA100
652,EMS-base,2022-10-16 22:00:00+0200,2022-10-16 23:30:00+0200,1.5,Long,SL,-1.0,19375.39,19118.4,19118.4,256.99,1.3264,STRUCTURAL_SL
653,EMS-base,2022-10-20 17:00:00+0200,2022-10-20 19:00:00+0200,2.0,Long,SL,-0.72,19325.61,19128.24,19183.91,197.37,1.0213,H1_EMA100
654,EMS-base,2022-10-21 21:00:00+0200,2022-10-23 10:00:00+0200,37.0,Long,TP,0.11,19140.52,18937.5,19162.37,203.02,1.0607,H1_EMA100
655,EMS-base,2022-10-23 19:30:00+0200,2022-10-24 16:00:00+0200,20.5,Long,SL,-1.0,19200.65,19169.18,19169.18,31.47,0.1639,STRUCTURAL_SL
656,EMS-base,2022-10-25 01:00:00+0200,2022-10-25 02:00:00+0200,1.0,Long,SL,-1.0,19360.39,19301.11,19301.11,59.28,0.3062,STRUCTURAL_SL
657,EMS-base,2022-10-25 16:00:00+0200,2022-10-27 23:00:00+0200,55.0,Long,TP,4.22,19478.39,19260.82,20395.8,217.57,1.117,H1_EMA100
658,EMS-base,2022-10-28 19:00:00+0200,2022-10-30 11:00:00+0100,41.0,Long,SL,-0.03,20703.85,20411.03,20694.58,292.82,1.4143,H1_EMA100
659,EMS-base,2022-10-30 13:00:00+0100,2022-10-30 14:30:00+0100,1.5,Long,SL,-1.0,20770.81,20632.73,20632.73,138.08,0.6648,STRUCTURAL_SL
660,EMS-base,2022-10-31 14:30:00+0100,2022-10-31 15:00:00+0100,0.5,Long,SL,-1.0,20679.11,20449.86,20449.86,229.25,1.1086,STRUCTURAL_SL
661,EMS-base,2022-11-01 08:30:00+0100,2022-11-01 13:00:00+0100,4.5,Long,SL,-0.44,20566.77,20466.71,20522.79,100.06,0.4865,H1_EMA100
662,EMS-base,2022-11-02 05:30:00+0100,2022-11-02 07:00:00+0100,1.5,Long,SL,-0.62,20535.47,20457.62,20487.39,77.85,0.3791,H1_EMA100
663,EMS-base,2022-11-04 05:30:00+0100,2022-11-06 23:00:00+0100,65.5,Long,TP,7.8,20345.24,20245.0,21127.33,100.24,0.4927,H1_EMA100
664,EMS-base,2022-11-14 12:00:00+0100,2022-11-14 13:00:00+0100,1.0,Long,SL,-1.0,16781.35,16709.42,16709.42,71.93,0.4286,STRUCTURAL_SL
665,EMS-base,2022-11-15 03:00:00+0100,2022-11-16 10:00:00+0100,31.0,Long,TP,0.39,16716.7,16527.72,16789.84,188.98,1.1305,H1_EMA100
666,EMS-base,2022-11-17 20:00:00+0100,2022-11-17 20:30:00+0100,0.5,Long,SL,-1.0,16702.44,16615.8,16615.8,86.64,0.5187,STRUCTURAL_SL
667,EMS-base,2022-11-19 23:30:00+0100,2022-11-20 09:30:00+0100,10.0,Long,SL,-1.0,16785.11,16627.32,16627.32,157.79,0.9401,STRUCTURAL_SL
668,EMS-base,2022-11-22 17:00:00+0100,2022-11-25 05:00:00+0100,60.0,Long,TP,1.21,16241.3,16039.88,16485.45,201.42,1.2402,H1_EMA100
669,EMS-base,2022-11-26 00:00:00+0100,2022-11-26 17:00:00+0100,17.0,Long,SL,-0.31,16529.02,16477.13,16512.86,51.89,0.3139,H1_EMA100
670,EMS-base,2022-11-27 08:30:00+0100,2022-11-27 09:30:00+0100,1.0,Long,SL,-1.0,16560.99,16531.11,16531.11,29.88,0.1804,STRUCTURAL_SL
671,EMS-base,2022-11-29 06:00:00+0100,2022-11-29 16:00:00+0100,10.0,Long,SL,-0.41,16432.22,16258.36,16361.78,173.86,1.058,H1_EMA100
672,EMS-base,2022-12-02 14:30:00+0100,2022-12-02 15:00:00+0100,0.5,Long,SL,-1.0,17023.51,16946.13,16946.13,77.38,0.4545,STRUCTURAL_SL
673,EMS-base,2022-12-02 22:30:00+0100,2022-12-03 08:30:00+0100,10.0,Long,SL,-1.0,17016.08,16930.03,16930.03,86.05,0.5057,STRUCTURAL_SL
674,EMS-base,2022-12-04 06:30:00+0100,2022-12-04 12:30:00+0100,6.0,Long,SL,-1.0,17040.62,16948.0,16948.0,92.62,0.5435,STRUCTURAL_SL
675,EMS-base,2022-12-04 16:00:00+0100,2022-12-05 17:00:00+0100,25.0,Long,TP,0.99,17007.72,16930.89,17083.92,76.83,0.4517,H1_EMA100
676,EMS-base,2022-12-07 03:00:00+0100,2022-12-07 05:00:00+0100,2.0,Long,SL,-0.19,17041.0,16958.98,17025.03,82.02,0.4813,H1_EMA100
677,EMS-base,2022-12-08 17:00:00+0100,2022-12-10 23:00:00+0100,54.0,Long,TP,2.36,16917.39,16829.26,17125.43,88.13,0.5209,H1_EMA100
678,EMS-base,2022-12-11 06:30:00+0100,2022-12-11 12:00:00+0100,5.5,Long,SL,-1.0,17165.77,17140.03,17140.03,25.74,0.1499,STRUCTURAL_SL
679,EMS-base,2022-12-11 18:30:00+0100,2022-12-11 20:30:00+0100,2.0,Long,SL,-1.0,17173.75,17139.67,17139.67,34.08,0.1984,STRUCTURAL_SL
680,EMS-base,2022-12-12 22:30:00+0100,2022-12-15 03:00:00+0100,52.5,Long,TP,2.21,17183.41,16981.03,17631.6,202.38,1.1778,H1_EMA100
681,EMS-base,2022-12-20 07:00:00+0100,2022-12-21 16:00:00+0100,33.0,Long,TP,0.09,16786.37,16673.69,16796.34,112.68,0.6713,H1_EMA100
682,EMS-base,2022-12-22 04:30:00+0100,2022-12-22 07:00:00+0100,2.5,Long,SL,-1.0,16847.23,16812.15,16812.15,35.08,0.2082,STRUCTURAL_SL
683,EMS-base,2022-12-23 04:00:00+0100,2022-12-23 14:30:00+0100,10.5,Long,SL,-1.0,16848.03,16778.9,16778.9,69.13,0.4103,STRUCTURAL_SL
684,EMS-base,2022-12-24 04:00:00+0100,2022-12-25 06:00:00+0100,26.0,Long,SL,-0.2,16827.79,16801.29,16822.38,26.5,0.1575,H1_EMA100
685,EMS-base,2022-12-26 03:00:00+0100,2022-12-26 09:00:00+0100,6.0,Long,SL,-1.0,16856.36,16820.75,16820.75,35.61,0.2113,STRUCTURAL_SL
686,EMS-base,2022-12-26 22:00:00+0100,2022-12-26 23:00:00+0100,1.0,Long,SL,-0.31,16842.26,16813.95,16833.38,28.31,0.1681,H1_EMA100
687,EMS-base,2022-12-31 00:30:00+0100,2022-12-31 02:00:00+0100,1.5,Long,SL,-1.0,16595.03,16568.0,16568.0,27.03,0.1629,STRUCTURAL_SL
688,EMS-base,2023-01-01 18:00:00+0100,2023-01-02 03:00:00+0100,9.0,Long,SL,-0.0,16565.13,16533.68,16565.04,31.45,0.1899,H1_EMA100
689,EMS-base,2023-01-04 04:00:00+0100,2023-01-05 15:00:00+0100,35.0,Long,TP,1.07,16736.52,16695.68,16780.25,40.84,0.244,H1_EMA100
690,EMS-base,2023-01-05 16:30:00+0100,2023-01-06 07:00:00+0100,14.5,Long,SL,-0.39,16847.12,16753.0,16810.18,94.12,0.5587,H1_EMA100
691,EMS-base,2023-01-06 20:30:00+0100,2023-01-18 17:00:00+0100,284.5,Long,TP,86.89,16859.77,16811.63,21042.73,48.14,0.2855,H1_EMA100
692,EMS-base,2023-01-19 21:00:00+0100,2023-01-19 23:00:00+0100,2.0,Long,SL,-0.53,21092.1,20791.13,20932.98,300.97,1.4269,H1_EMA100
693,EMS-base,2023-01-23 12:00:00+0100,2023-01-23 15:30:00+0100,3.5,Long,SL,-1.0,22909.95,22662.38,22662.38,247.57,1.0806,STRUCTURAL_SL
694,EMS-base,2023-01-24 20:00:00+0100,2023-01-24 23:00:00+0100,3.0,Long,SL,-1.0,23000.0,22785.59,22785.59,214.41,0.9322,STRUCTURAL_SL
695,EMS-base,2023-01-25 22:30:00+0100,2023-01-27 02:00:00+0100,27.5,Long,SL,-0.19,22989.63,22651.75,22925.5,337.88,1.4697,H1_EMA100
696,EMS-base,2023-01-29 02:30:00+0100,2023-01-30 11:00:00+0100,32.5,Long,SL,-0.47,23386.46,22967.76,23191.2,418.7,1.7904,H1_EMA100
697,EMS-base,2023-01-31 18:30:00+0100,2023-01-31 22:00:00+0100,3.5,Long,SL,-1.0,23134.27,22866.66,22866.66,267.61,1.1568,STRUCTURAL_SL
698,EMS-base,2023-02-01 21:00:00+0100,2023-02-02 23:00:00+0100,26.0,Long,TP,0.11,23385.99,22760.23,23455.65,625.76,2.6758,H1_EMA100
699,EMS-base,2023-02-04 20:00:00+0100,2023-02-04 21:00:00+0100,1.0,Long,SL,-0.33,23445.66,23386.1,23425.89,59.56,0.254,H1_EMA100
700,EMS-base,2023-02-07 11:30:00+0100,2023-02-07 13:00:00+0100,1.5,Long,SL,-0.36,23041.42,22862.85,22977.24,178.57,0.775,H1_EMA100
701,EMS-base,2023-02-17 19:30:00+0100,2023-02-19 19:00:00+0100,47.5,Long,TP,0.02,24353.57,23917.65,24361.74,435.92,1.79,H1_EMA100
702,EMS-base,2023-02-20 11:30:00+0100,2023-02-21 10:00:00+0100,22.5,Long,SL,-0.31,24834.4,24373.33,24689.23,461.07,1.8566,H1_EMA100
703,EMS-base,2023-02-23 04:30:00+0100,2023-02-23 12:00:00+0100,7.5,Long,SL,-0.68,24530.76,24124.33,24255.92,406.43,1.6568,H1_EMA100
704,EMS-base,2023-02-28 01:00:00+0100,2023-02-28 02:30:00+0100,1.5,Long,SL,-1.0,23492.09,23361.07,23361.07,131.02,0.5577,STRUCTURAL_SL
705,EMS-base,2023-02-28 17:00:00+0100,2023-02-28 20:00:00+0100,3.0,Long,SL,-1.0,23519.08,23315.42,23315.42,203.66,0.8659,STRUCTURAL_SL
706,EMS-base,2023-03-01 06:00:00+0100,2023-03-01 21:00:00+0100,15.0,Long,SL,-0.78,23794.48,23234.2,23355.14,560.28,2.3547,H1_EMA100
707,EMS-base,2023-03-05 03:30:00+0100,2023-03-05 05:00:00+0100,1.5,Long,SL,-0.68,22540.54,22313.41,22387.02,227.13,1.0077,H1_EMA100
708,EMS-base,2023-03-06 15:30:00+0100,2023-03-06 21:00:00+0100,5.5,Long,SL,-0.54,22438.94,22355.0,22393.35,83.94,0.3741,H1_EMA100
709,EMS-base,2023-03-16 11:30:00+0100,2023-03-20 05:00:00+0100,89.5,Long,TP,6.19,24777.0,24374.35,27269.17,402.65,1.6251,H1_EMA100
710,EMS-base,2023-03-21 12:30:00+0100,2023-03-22 20:00:00+0100,31.5,Long,TP,0.13,27953.08,27393.52,28027.99,559.56,2.0018,H1_EMA100
711,EMS-base,2023-03-23 17:00:00+0100,2023-03-24 16:00:00+0100,23.0,Long,SL,-0.46,28580.86,27300.0,27989.06,1280.86,4.4815,H1_EMA100
712,EMS-base,2023-03-26 11:30:00+0200,2023-03-27 08:00:00+0200,20.5,Long,TP,0.08,27697.93,27480.01,27715.18,217.92,0.7868,H1_EMA100
713,EMS-base,2023-03-28 23:30:00+0200,2023-03-29 00:00:00+0200,0.5,Long,SL,-1.0,27263.45,27158.15,27158.15,105.3,0.3862,STRUCTURAL_SL
714,EMS-base,2023-03-31 17:30:00+0200,2023-04-01 17:00:00+0200,23.5,Long,SL,-0.13,28391.12,27842.1,28318.04,549.02,1.9338,H1_EMA100
715,EMS-base,2023-04-01 22:30:00+0200,2023-04-02 13:00:00+0200,14.5,Long,SL,-0.71,28424.09,28343.81,28367.25,80.28,0.2824,H1_EMA100
716,EMS-base,2023-04-03 14:00:00+0200,2023-04-03 14:30:00+0200,0.5,Long,SL,-1.0,28253.73,28215.59,28215.59,38.14,0.135,STRUCTURAL_SL
717,EMS-base,2023-04-04 12:00:00+0200,2023-04-04 17:00:00+0200,5.0,Long,SL,-1.0,28198.77,28028.79,28028.79,169.98,0.6028,STRUCTURAL_SL
718,EMS-base,2023-04-08 07:00:00+0200,2023-04-08 15:00:00+0200,8.0,Long,TP,0.02,27984.97,27859.02,27987.57,125.95,0.4501,H1_EMA100
719,EMS-base,2023-04-09 04:00:00+0200,2023-04-09 08:00:00+0200,4.0,Long,SL,-1.0,28077.78,27924.9,27924.9,152.88,0.5445,STRUCTURAL_SL
720,EMS-base,2023-04-09 22:00:00+0200,2023-04-14 18:00:00+0200,116.0,Long,TP,7.95,28140.41,27876.68,30237.89,263.73,0.9372,H1_EMA100
721,EMS-base,2023-04-16 21:00:00+0200,2023-04-16 21:30:00+0200,0.5,Long,SL,-1.0,30478.43,30298.87,30298.87,179.56,0.5891,STRUCTURAL_SL
722,EMS-base,2023-04-18 12:30:00+0200,2023-04-19 09:00:00+0200,20.5,Long,TP,0.35,29926.88,29693.1,30008.13,233.78,0.7812,H1_EMA100
723,EMS-base,2023-04-24 03:30:00+0200,2023-04-24 08:00:00+0200,4.5,Long,SL,-0.42,27819.25,27427.3,27654.83,391.95,1.4089,H1_EMA100
724,EMS-base,2023-04-25 20:30:00+0200,2023-04-26 22:00:00+0200,25.5,Long,TP,0.5,27695.56,27320.0,27884.24,375.56,1.356,H1_EMA100
725,EMS-base,2023-04-28 23:30:00+0200,2023-04-29 19:30:00+0200,20.0,Long,SL,-1.0,29331.68,29120.0,29120.0,211.68,0.7217,STRUCTURAL_SL
726,EMS-base,2023-04-30 16:30:00+0200,2023-05-01 02:00:00+0200,9.5,Long,SL,-0.35,29271.97,29160.53,29233.21,111.44,0.3807,H1_EMA100
727,EMS-base,2023-05-02 18:30:00+0200,2023-05-03 08:00:00+0200,13.5,Long,SL,-0.24,28544.41,28263.7,28477.19,280.71,0.9834,H1_EMA100
728,EMS-base,2023-05-03 23:30:00+0200,2023-05-04 16:00:00+0200,16.5,Long,SL,-0.15,28845.53,28285.19,28761.51,560.34,1.9426,H1_EMA100
729,EMS-base,2023-05-05 04:00:00+0200,2023-05-05 14:30:00+0200,10.5,Long,SL,-1.0,29325.75,28880.03,28880.03,445.72,1.5199,STRUCTURAL_SL
730,EMS-base,2023-05-10 15:00:00+0200,2023-05-10 19:00:00+0200,4.0,Long,SL,-1.0,28175.27,27536.4,27536.4,638.87,2.2675,STRUCTURAL_SL
731,EMS-base,2023-05-17 22:00:00+0200,2023-05-18 16:30:00+0200,18.5,Long,SL,-1.0,27385.09,27090.71,27090.71,294.38,1.075,STRUCTURAL_SL
732,EMS-base,2023-05-22 17:00:00+0200,2023-05-22 19:00:00+0200,2.0,Long,SL,-0.33,26957.27,26702.91,26873.16,254.36,0.9436,H1_EMA100
733,EMS-base,2023-05-30 04:00:00+0200,2023-05-30 17:00:00+0200,13.0,Long,SL,-0.79,27766.03,27584.45,27622.65,181.58,0.654,H1_EMA100
734,EMS-base,2023-05-30 22:30:00+0200,2023-05-31 04:00:00+0200,5.5,Long,SL,-1.0,27797.23,27625.14,27625.14,172.09,0.6191,STRUCTURAL_SL
735,EMS-base,2023-06-02 08:00:00+0200,2023-06-02 10:00:00+0200,2.0,Long,SL,-0.51,27152.6,26949.4,27049.65,203.2,0.7484,H1_EMA100
736,EMS-base,2023-06-04 12:00:00+0200,2023-06-05 01:30:00+0200,13.5,Long,SL,-1.0,27215.88,27123.81,27123.81,92.07,0.3383,STRUCTURAL_SL
737,EMS-base,2023-06-06 20:00:00+0200,2023-06-07 12:00:00+0200,16.0,Long,SL,-0.25,26669.16,25925.85,26486.28,743.31,2.7872,H1_EMA100
738,EMS-base,2023-06-08 18:00:00+0200,2023-06-08 18:30:00+0200,0.5,Long,SL,-1.0,26721.69,26579.97,26579.97,141.72,0.5304,STRUCTURAL_SL
739,EMS-base,2023-06-09 08:30:00+0200,2023-06-09 09:00:00+0200,0.5,Long,SL,-1.0,26546.22,26475.24,26475.24,70.98,0.2674,STRUCTURAL_SL
740,EMS-base,2023-06-11 20:00:00+0200,2023-06-12 01:00:00+0200,5.0,Long,SL,-0.22,25941.63,25732.95,25895.8,208.68,0.8044,H1_EMA100
741,EMS-base,2023-06-12 11:00:00+0200,2023-06-12 16:00:00+0200,5.0,Long,SL,-0.85,25939.31,25773.2,25798.3,166.11,0.6404,H1_EMA100
742,EMS-base,2023-06-13 01:00:00+0200,2023-06-13 01:30:00+0200,0.5,Long,SL,-1.0,25929.93,25880.12,25880.12,49.81,0.1921,STRUCTURAL_SL
743,EMS-base,2023-06-14 06:30:00+0200,2023-06-14 07:00:00+0200,0.5,Long,SL,-1.0,25996.36,25964.46,25964.46,31.9,0.1227,STRUCTURAL_SL
744,EMS-base,2023-06-14 14:30:00+0200,2023-06-14 15:30:00+0200,1.0,Long,SL,-1.0,26010.0,25939.04,25939.04,70.96,0.2728,STRUCTURAL_SL
745,EMS-base,2023-06-16 00:00:00+0200,2023-06-16 14:00:00+0200,14.0,Long,SL,-0.28,25574.6,25220.25,25474.51,354.35,1.3856,H1_EMA100
746,EMS-base,2023-06-19 19:30:00+0200,2023-06-25 20:00:00+0200,144.5,Long,TP,13.13,26606.87,26308.45,30526.01,298.42,1.1216,H1_EMA100
747,EMS-base,2023-06-27 10:30:00+0200,2023-06-28 04:00:00+0200,17.5,Long,TP,0.49,30411.33,30233.58,30498.42,177.75,0.5845,H1_EMA100
748,EMS-base,2023-06-29 11:30:00+0200,2023-06-29 22:00:00+0200,10.5,Long,SL,-1.0,30434.69,30316.97,30316.97,117.72,0.3868,STRUCTURAL_SL
749,EMS-base,2023-07-01 15:30:00+0200,2023-07-02 06:00:00+0200,14.5,Long,SL,-0.34,30543.3,30442.0,30509.31,101.3,0.3317,H1_EMA100
750,EMS-base,2023-07-02 23:00:00+0200,2023-07-04 22:00:00+0200,47.0,Long,TP,0.49,30588.46,30366.65,30696.84,221.81,0.7251,H1_EMA100
751,EMS-base,2023-07-06 10:30:00+0200,2023-07-06 15:00:00+0200,4.5,Long,SL,-0.56,30808.31,30438.26,30600.31,370.05,1.2011,H1_EMA100
752,EMS-base,2023-07-09 03:30:00+0200,2023-07-09 07:00:00+0200,3.5,Long,SL,-0.74,30356.0,30246.47,30275.35,109.53,0.3608,H1_EMA100
753,EMS-base,2023-07-10 17:00:00+0200,2023-07-12 18:00:00+0200,49.0,Long,TP,1.29,30310.02,30143.21,30524.63,166.81,0.5503,H1_EMA100
754,EMS-base,2023-07-19 07:00:00+0200,2023-07-19 09:30:00+0200,2.5,Long,SL,-1.0,30099.08,29971.41,29971.41,127.67,0.4242,STRUCTURAL_SL
755,EMS-base,2023-07-19 21:30:00+0200,2023-07-19 23:00:00+0200,1.5,Long,SL,-0.49,30058.0,29870.0,29964.95,188.0,0.6255,H1_EMA100
756,EMS-base,2023-07-21 21:00:00+0200,2023-07-21 22:00:00+0200,1.0,Long,SL,-0.63,29981.7,29813.0,29875.99,168.7,0.5627,H1_EMA100
757,EMS-base,2023-07-23 08:00:00+0200,2023-07-24 04:00:00+0200,20.0,Long,SL,-0.07,29921.99,29840.0,29915.99,81.99,0.274,H1_EMA100
758,EMS-base,2023-07-26 16:00:00+0200,2023-07-26 17:00:00+0200,1.0,Long,SL,-0.42,29306.54,29214.17,29267.54,92.37,0.3152,H1_EMA100
759,EMS-base,2023-07-28 17:00:00+0200,2023-07-28 19:30:00+0200,2.5,Long,SL,-1.0,29487.41,29251.81,29251.81,235.6,0.799,STRUCTURAL_SL
760,EMS-base,2023-07-29 22:00:00+0200,2023-07-30 05:00:00+0200,7.0,Long,SL,-0.52,29338.03,29290.6,29313.34,47.43,0.1617,H1_EMA100
761,EMS-base,2023-07-30 17:30:00+0200,2023-07-30 21:30:00+0200,4.0,Long,SL,-1.0,29426.36,29278.38,29278.38,147.98,0.5029,STRUCTURAL_SL
762,EMS-base,2023-07-31 04:00:00+0200,2023-07-31 17:00:00+0200,13.0,Long,SL,-0.5,29452.0,29150.0,29302.45,302.0,1.0254,H1_EMA100
763,EMS-base,2023-08-01 23:00:00+0200,2023-08-02 17:00:00+0200,18.0,Long,TP,0.15,29229.75,28930.85,29275.14,298.9,1.0226,H1_EMA100
764,EMS-base,2023-08-03 19:30:00+0200,2023-08-03 20:00:00+0200,0.5,Long,SL,-1.0,29304.99,29266.92,29266.92,38.07,0.1299,STRUCTURAL_SL
765,EMS-base,2023-08-04 17:30:00+0200,2023-08-04 20:00:00+0200,2.5,Long,SL,-0.67,29272.66,29163.68,29200.01,108.98,0.3723,H1_EMA100
766,EMS-base,2023-08-06 11:00:00+0200,2023-08-06 12:00:00+0200,1.0,Long,SL,-0.43,29112.24,29045.96,29083.59,66.28,0.2277,H1_EMA100
767,EMS-base,2023-08-06 23:00:00+0200,2023-08-06 23:30:00+0200,0.5,Long,SL,-1.0,29135.78,29076.69,29076.69,59.09,0.2028,STRUCTURAL_SL
768,EMS-base,2023-08-07 23:30:00+0200,2023-08-09 19:00:00+0200,43.5,Long,TP,1.52,29276.78,29121.12,29513.42,155.66,0.5317,H1_EMA100
769,EMS-base,2023-08-12 17:30:00+0200,2023-08-12 20:00:00+0200,2.5,Long,SL,-0.48,29449.98,29408.28,29430.11,41.7,0.1416,H1_EMA100
770,EMS-base,2023-08-22 00:30:00+0200,2023-08-22 02:00:00+0200,1.5,Long,SL,-0.44,26161.99,26082.25,26126.92,79.74,0.3048,H1_EMA100
771,EMS-base,2023-08-23 08:00:00+0200,2023-08-23 12:30:00+0200,4.5,Long,SL,-1.0,26042.0,25976.72,25976.72,65.28,0.2507,STRUCTURAL_SL
772,EMS-base,2023-08-23 17:30:00+0200,2023-08-24 17:00:00+0200,23.5,Long,TP,0.03,26110.0,25924.84,26116.05,185.16,0.7092,H1_EMA100
773,EMS-base,2023-08-27 11:30:00+0200,2023-08-27 20:00:00+0200,8.5,Long,TP,0.17,26060.43,26033.78,26065.08,26.65,0.1023,H1_EMA100
774,EMS-base,2023-08-28 16:30:00+0200,2023-08-28 21:00:00+0200,4.5,Long,SL,-1.0,26123.6,25945.84,25945.84,177.76,0.6805,STRUCTURAL_SL
775,EMS-base,2023-08-29 01:30:00+0200,2023-08-29 07:00:00+0200,5.5,Long,SL,-0.4,26132.46,25946.18,26057.87,186.28,0.7128,H1_EMA100
776,EMS-base,2023-08-29 16:30:00+0200,2023-08-31 18:00:00+0200,49.5,Long,SL,-0.03,26951.04,26006.0,26922.01,945.04,3.5065,H1_EMA100
777,EMS-base,2023-09-07 18:30:00+0200,2023-09-08 12:00:00+0200,17.5,Long,SL,-1.0,25835.54,25741.27,25741.27,94.27,0.3649,STRUCTURAL_SL
778,EMS-base,2023-09-12 08:00:00+0200,2023-09-15 15:00:00+0200,79.0,Long,TP,3.69,25773.07,25612.7,26364.66,160.37,0.6222,H1_EMA100
779,EMS-base,2023-09-16 01:30:00+0200,2023-09-17 03:00:00+0200,25.5,Long,SL,-0.68,26674.71,26373.21,26468.67,301.5,1.1303,H1_EMA100
780,EMS-base,2023-09-17 08:00:00+0200,2023-09-17 09:30:00+0200,1.5,Long,SL,-1.0,26543.79,26508.96,26508.96,34.83,0.1312,STRUCTURAL_SL
781,EMS-base,2023-09-18 05:30:00+0200,2023-09-18 21:00:00+0200,15.5,Long,TP,0.41,26633.81,26446.51,26710.0,187.3,0.7032,H1_EMA100
782,EMS-base,2023-09-19 07:30:00+0200,2023-09-19 08:00:00+0200,0.5,Long,SL,-1.0,26841.74,26787.37,26787.37,54.37,0.2026,STRUCTURAL_SL
783,EMS-base,2023-09-19 09:30:00+0200,2023-09-20 22:00:00+0200,36.5,Long,TP,0.7,26856.49,26750.88,26930.61,105.61,0.3932,H1_EMA100
784,EMS-base,2023-09-21 01:30:00+0200,2023-09-21 02:30:00+0200,1.0,Long,SL,-1.0,27150.13,27051.22,27051.22,98.91,0.3643,STRUCTURAL_SL
785,EMS-base,2023-09-24 20:00:00+0200,2023-09-24 20:30:00+0200,0.5,Long,SL,-1.0,26673.07,26563.17,26563.17,109.9,0.412,STRUCTURAL_SL
786,EMS-base,2023-09-28 02:00:00+0200,2023-10-03 00:00:00+0200,118.0,Long,TP,14.58,26373.0,26297.61,27472.22,75.39,0.2859,H1_EMA100
787,EMS-base,2023-10-04 14:00:00+0200,2023-10-04 15:00:00+0200,1.0,Long,SL,-1.0,27572.43,27520.28,27520.28,52.15,0.1891,STRUCTURAL_SL
788,EMS-base,2023-10-04 20:00:00+0200,2023-10-05 18:00:00+0200,22.0,Long,TP,0.11,27539.5,27393.62,27555.0,145.88,0.5297,H1_EMA100
789,EMS-base,2023-10-06 12:00:00+0200,2023-10-06 14:30:00+0200,2.5,Long,SL,-1.0,27690.6,27588.53,27588.53,102.07,0.3686,STRUCTURAL_SL
790,EMS-base,2023-10-06 17:00:00+0200,2023-10-08 13:00:00+0200,44.0,Long,TP,0.3,27670.0,27175.94,27818.77,494.06,1.7855,H1_EMA100
791,EMS-base,2023-10-09 06:00:00+0200,2023-10-09 08:00:00+0200,2.0,Long,SL,-0.46,27921.72,27796.53,27864.2,125.19,0.4484,H1_EMA100
792,EMS-base,2023-10-13 23:00:00+0200,2023-10-14 01:00:00+0200,2.0,Long,SL,-0.65,26981.37,26747.24,26829.9,234.13,0.8677,H1_EMA100
793,EMS-base,2023-10-15 05:30:00+0200,2023-10-15 14:00:00+0200,8.5,Long,SL,-0.56,26899.82,26815.76,26852.47,84.06,0.3125,H1_EMA100
794,EMS-base,2023-10-19 13:00:00+0200,2023-10-23 00:00:00+0200,83.0,Long,TP,6.49,28477.0,28280.96,29750.01,196.04,0.6884,H1_EMA100
795,EMS-base,2023-10-23 01:30:00+0200,2023-10-26 18:00:00+0200,88.5,Long,TP,16.82,29957.25,29714.28,34044.43,242.97,0.8111,H1_EMA100
796,EMS-base,2023-10-28 08:30:00+0200,2023-10-28 14:30:00+0200,6.0,Long,SL,-1.0,34104.0,34019.33,34019.33,84.67,0.2483,STRUCTURAL_SL
797,EMS-base,2023-10-29 10:00:00+0100,2023-10-30 07:00:00+0100,21.0,Long,TP,0.05,34241.65,34070.31,34250.99,171.34,0.5004,H1_EMA100
798,EMS-base,2023-10-30 10:30:00+0100,2023-10-30 18:00:00+0100,7.5,Long,SL,-1.0,34583.61,34114.74,34114.74,468.87,1.3558,STRUCTURAL_SL
799,EMS-base,2023-10-31 20:30:00+0100,2023-11-01 06:30:00+0100,10.0,Long,SL,-1.0,34507.23,34335.29,34335.29,171.94,0.4983,STRUCTURAL_SL
800,EMS-base,2023-11-01 14:00:00+0100,2023-11-01 15:30:00+0100,1.5,Long,SL,-1.0,34790.6,34345.0,34345.0,445.6,1.2808,STRUCTURAL_SL
801,EMS-base,2023-11-01 19:00:00+0100,2023-11-02 17:00:00+0100,22.0,Long,TP,0.81,34510.28,34350.0,34640.01,160.28,0.4644,H1_EMA100
802,EMS-base,2023-11-04 03:00:00+0100,2023-11-04 04:00:00+0100,1.0,Long,SL,-0.7,34768.14,34632.47,34673.75,135.67,0.3902,H1_EMA100
803,EMS-base,2023-11-06 00:30:00+0100,2023-11-06 03:00:00+0100,2.5,Long,SL,-0.35,35104.94,34448.0,34875.0,656.94,1.8714,H1_EMA100
804,EMS-base,2023-11-06 11:30:00+0100,2023-11-06 19:00:00+0100,7.5,Long,SL,-1.0,35176.28,34827.01,34827.01,349.27,0.9929,STRUCTURAL_SL
805,EMS-base,2023-11-07 20:30:00+0100,2023-11-12 00:00:00+0100,99.5,Long,TP,1.83,35383.04,34560.0,36891.91,823.04,2.3261,H1_EMA100
806,EMS-base,2023-11-12 08:30:00+0100,2023-11-13 04:30:00+0100,20.0,Long,SL,-1.0,37123.52,36913.28,36913.28,210.24,0.5663,STRUCTURAL_SL
807,EMS-base,2023-11-18 01:00:00+0100,2023-11-18 02:00:00+0100,1.0,Long,SL,-0.79,36613.91,36342.48,36400.01,271.43,0.7413,H1_EMA100
808,EMS-base,2023-11-18 12:00:00+0100,2023-11-18 13:00:00+0100,1.0,Long,SL,-0.87,36472.46,36392.0,36402.8,80.46,0.2206,H1_EMA100
809,EMS-base,2023-11-19 17:30:00+0100,2023-11-21 13:00:00+0100,43.5,Long,TP,4.64,36542.69,36406.53,37174.97,136.16,0.3726,H1_EMA100
810,EMS-base,2023-11-22 20:30:00+0100,2023-11-23 17:00:00+0100,20.5,Long,SL,-0.27,37163.07,36372.58,36951.34,790.49,2.1271,H1_EMA100
811,EMS-base,2023-11-28 15:00:00+0100,2023-11-29 22:00:00+0100,31.0,Long,TP,0.97,37412.29,37142.81,37675.0,269.48,0.7203,H1_EMA100
812,EMS-base,2023-11-30 05:30:00+0100,2023-11-30 07:30:00+0100,2.0,Long,SL,-1.0,38040.64,37840.35,37840.35,200.29,0.5265,STRUCTURAL_SL
813,EMS-base,2023-12-01 04:00:00+0100,2023-12-07 12:00:00+0100,152.0,Long,TP,42.97,37990.79,37871.1,43134.24,119.69,0.3151,H1_EMA100
814,EMS-base,2023-12-08 14:30:00+0100,2023-12-10 01:00:00+0100,34.5,Long,SL,-0.1,43735.67,43512.0,43713.6,223.67,0.5114,H1_EMA100
815,EMS-base,2023-12-13 17:00:00+0100,2023-12-15 15:00:00+0100,46.0,Long,TP,0.55,41939.17,41305.95,42288.02,633.22,1.5099,H1_EMA100
816,EMS-base,2023-12-16 16:30:00+0100,2023-12-16 21:00:00+0100,4.5,Long,SL,-0.08,42366.25,42191.1,42351.73,175.15,0.4134,H1_EMA100
817,EMS-base,2023-12-18 22:00:00+0100,2023-12-19 19:00:00+0100,21.0,Long,SL,-0.18,41971.09,41335.83,41854.06,635.26,1.5136,H1_EMA100
818,EMS-base,2023-12-20 06:00:00+0100,2023-12-22 14:00:00+0100,56.0,Long,TP,1.66,42812.96,42356.91,43567.91,456.05,1.0652,H1_EMA100
819,EMS-base,2023-12-23 01:00:00+0100,2023-12-23 02:30:00+0100,1.5,Long,SL,-1.0,43969.04,43665.24,43665.24,303.8,0.6909,STRUCTURAL_SL
820,EMS-base,2023-12-23 17:30:00+0100,2023-12-23 21:00:00+0100,3.5,Long,SL,-1.0,43739.99,43642.27,43642.27,97.72,0.2234,STRUCTURAL_SL
821,EMS-base,2023-12-25 16:00:00+0100,2023-12-25 20:00:00+0100,4.0,Long,SL,-0.38,43674.1,43080.01,43449.76,594.09,1.3603,H1_EMA100
822,EMS-base,2023-12-27 12:00:00+0100,2023-12-28 10:00:00+0100,22.0,Long,SL,-0.47,43195.56,42628.01,42931.1,567.55,1.3139,H1_EMA100
823,EMS-base,2023-12-29 15:30:00+0100,2023-12-29 16:00:00+0100,0.5,Long,SL,-1.0,42808.24,42677.35,42677.35,130.89,0.3058,STRUCTURAL_SL
824,EMS-base,2023-12-30 18:30:00+0100,2023-12-30 22:00:00+0100,3.5,Long,SL,-0.73,42561.62,42183.09,42283.95,378.53,0.8894,H1_EMA100
825,EMS-base,2024-01-01 10:00:00+0100,2024-01-03 13:00:00+0100,51.0,Long,TP,11.83,42550.0,42452.58,43702.88,97.42,0.229,H1_EMA100
826,EMS-base,2024-01-04 17:00:00+0100,2024-01-05 02:30:00+0100,9.5,Long,SL,-1.0,44051.1,43250.0,43250.0,801.1,1.8186,STRUCTURAL_SL
827,EMS-base,2024-01-05 23:30:00+0100,2024-01-06 07:00:00+0100,7.5,Long,SL,-0.51,43882.89,43520.15,43698.72,362.74,0.8266,H1_EMA100
828,EMS-base,2024-01-06 17:30:00+0100,2024-01-07 18:00:00+0100,24.5,Long,TP,0.23,43848.24,43527.27,43922.0,320.97,0.732,H1_EMA100
829,EMS-base,2024-01-08 13:00:00+0100,2024-01-09 23:00:00+0100,34.0,Long,TP,0.81,44636.0,43641.73,45439.44,994.27,2.2275,H1_EMA100
830,EMS-base,2024-01-10 23:30:00+0100,2024-01-11 08:00:00+0100,8.5,Long,SL,-0.38,46404.53,45080.0,45907.3,1324.53,2.8543,H1_EMA100
831,EMS-base,2024-01-15 20:00:00+0100,2024-01-15 23:00:00+0100,3.0,Long,SL,-0.35,43015.82,42163.32,42716.0,852.5,1.9818,H1_EMA100
832,EMS-base,2024-01-18 09:00:00+0100,2024-01-18 10:00:00+0100,1.0,Long,SL,-0.47,42915.32,42550.0,42742.0,365.32,0.8513,H1_EMA100
833,EMS-base,2024-01-29 05:00:00+0100,2024-01-29 05:30:00+0100,0.5,Long,SL,-1.0,42331.19,42207.85,42207.85,123.34,0.2914,STRUCTURAL_SL
834,EMS-base,2024-01-29 17:00:00+0100,2024-01-31 01:00:00+0100,32.0,Long,TP,0.36,42641.75,41804.88,42941.1,836.87,1.9626,H1_EMA100
835,EMS-base,2024-01-31 18:30:00+0100,2024-01-31 21:30:00+0100,3.0,Long,SL,-1.0,43552.31,42571.1,42571.1,981.21,2.2529,STRUCTURAL_SL
836,EMS-base,2024-02-01 19:30:00+0100,2024-02-02 15:00:00+0100,19.5,Long,SL,-0.41,42925.42,42364.0,42694.01,561.42,1.3079,H1_EMA100
837,EMS-base,2024-02-05 10:30:00+0100,2024-02-05 16:30:00+0100,6.0,Long,SL,-1.0,42994.56,42697.52,42697.52,297.04,0.6909,STRUCTURAL_SL
838,EMS-base,2024-02-06 09:30:00+0100,2024-02-06 12:00:00+0100,2.5,Long,SL,-0.49,42927.83,42667.0,42799.5,260.83,0.6076,H1_EMA100
839,EMS-base,2024-02-07 11:00:00+0100,2024-02-07 11:30:00+0100,0.5,Long,SL,-1.0,43146.01,42907.62,42907.62,238.39,0.5525,STRUCTURAL_SL
840,EMS-base,2024-02-07 14:00:00+0100,2024-02-13 16:00:00+0100,146.0,Long,TP,27.64,43073.29,42870.0,48692.16,203.29,0.472,H1_EMA100
841,EMS-base,2024-02-14 03:30:00+0100,2024-02-14 05:30:00+0100,2.0,Long,SL,-1.0,49471.09,49333.0,49333.0,138.09,0.2791,STRUCTURAL_SL
842,EMS-base,2024-02-17 01:00:00+0100,2024-02-17 02:30:00+0100,1.5,Long,SL,-1.0,52124.1,51891.1,51891.1,233.0,0.447,STRUCTURAL_SL
843,EMS-base,2024-02-18 10:00:00+0100,2024-02-18 14:00:00+0100,4.0,Long,SL,-0.61,51790.0,51405.52,51554.06,384.48,0.7424,H1_EMA100
844,EMS-base,2024-02-20 13:00:00+0100,2024-02-20 16:00:00+0100,3.0,Long,SL,-1.0,52286.8,51560.0,51560.0,726.8,1.39,STRUCTURAL_SL
845,EMS-base,2024-02-21 00:00:00+0100,2024-02-21 04:30:00+0100,4.5,Long,SL,-1.0,52168.65,52006.0,52006.0,162.65,0.3118,STRUCTURAL_SL
846,EMS-base,2024-02-22 19:30:00+0100,2024-02-22 21:00:00+0100,1.5,Long,SL,-0.26,51586.62,51286.2,51509.99,300.42,0.5824,H1_EMA100
847,EMS-base,2024-02-26 17:00:00+0100,2024-03-03 00:00:00+0100,127.0,Long,TP,5.41,52842.33,51207.4,61685.02,1634.93,3.094,H1_EMA100
848,EMS-base,2024-03-03 14:00:00+0100,2024-03-05 18:00:00+0100,52.0,Long,TP,5.83,62184.03,61616.31,65495.98,567.72,0.913,H1_EMA100
849,EMS-base,2024-03-06 10:00:00+0100,2024-03-06 13:30:00+0100,3.5,Long,SL,-1.0,66941.22,65500.0,65500.0,1441.22,2.153,STRUCTURAL_SL
850,EMS-base,2024-03-11 09:00:00+0100,2024-03-12 18:00:00+0100,33.0,Long,SL,-0.2,71019.99,68445.91,70507.37,2574.08,3.6244,H1_EMA100
851,EMS-base,2024-03-13 04:00:00+0100,2024-03-14 15:00:00+0100,35.0,Long,SL,-0.15,71980.0,71333.31,71884.81,646.69,0.8984,H1_EMA100
852,EMS-base,2024-03-17 17:30:00+0100,2024-03-18 02:00:00+0100,8.5,Long,SL,-0.93,68149.6,67242.77,67301.94,906.83,1.3306,H1_EMA100
853,EMS-base,2024-03-22 08:30:00+0100,2024-03-22 10:30:00+0100,2.0,Long,SL,-1.0,66259.99,65756.64,65756.64,503.35,0.7597,STRUCTURAL_SL
854,EMS-base,2024-03-23 13:30:00+0100,2024-03-23 15:00:00+0100,1.5,Long,SL,-0.21,64702.45,64204.09,64596.06,498.36,0.7702,H1_EMA100
855,EMS-base,2024-03-24 11:00:00+0100,2024-03-27 17:00:00+0100,78.0,Long,TP,4.69,64880.01,64027.77,68874.0,852.24,1.3136,H1_EMA100
856,EMS-base,2024-03-28 08:30:00+0100,2024-03-29 07:00:00+0100,22.5,Long,SL,-0.23,70346.0,69620.0,70180.7,726.0,1.032,H1_EMA100
857,EMS-base,2024-03-30 12:30:00+0100,2024-03-30 16:30:00+0100,4.0,Long,SL,-1.0,70082.55,69940.08,69940.08,142.47,0.2033,STRUCTURAL_SL
858,EMS-base,2024-03-31 07:30:00+0200,2024-04-01 07:30:00+0200,24.0,Long,SL,-1.0,70237.38,69874.54,69874.54,362.84,0.5166,STRUCTURAL_SL
859,EMS-base,2024-04-05 17:30:00+0200,2024-04-09 10:00:00+0200,88.5,Long,TP,1.5,67724.14,65952.56,70383.99,1771.58,2.6159,H1_EMA100
860,EMS-base,2024-04-10 23:30:00+0200,2024-04-11 14:00:00+0200,14.5,Long,TP,0.65,69624.0,69071.0,69983.16,553.0,0.7943,H1_EMA100
861,EMS-base,2024-04-15 03:00:00+0200,2024-04-15 04:00:00+0200,1.0,Long,SL,-0.1,65485.22,63326.42,65275.62,2158.8,3.2966,H1_EMA100
862,EMS-base,2024-04-17 02:30:00+0200,2024-04-17 10:00:00+0200,7.5,Long,SL,-0.37,63727.33,62555.0,63297.84,1172.33,1.8396,H1_EMA100
863,EMS-base,2024-04-18 16:00:00+0200,2024-04-19 03:30:00+0200,11.5,Long,SL,-1.0,62810.01,61580.71,61580.71,1229.3,1.9572,STRUCTURAL_SL
864,EMS-base,2024-04-19 09:00:00+0200,2024-04-20 03:00:00+0200,18.0,Long,SL,-0.42,64624.37,61809.93,63444.51,2814.44,4.3551,H1_EMA100
865,EMS-base,2024-04-20 17:00:00+0200,2024-04-24 16:00:00+0200,95.0,Long,TP,11.2,63935.33,63746.0,66054.99,189.33,0.2961,H1_EMA100
866,EMS-base,2024-04-28 03:00:00+0200,2024-04-28 14:00:00+0200,11.0,Long,SL,-0.35,63616.58,63233.81,63484.01,382.77,0.6017,H1_EMA100
867,EMS-base,2024-04-30 00:30:00+0200,2024-04-30 10:00:00+0200,9.5,Long,SL,-0.51,63497.54,62820.0,63148.74,677.54,1.067,H1_EMA100
868,EMS-base,2024-05-07 11:30:00+0200,2024-05-07 13:30:00+0200,2.0,Long,SL,-1.0,64297.33,63596.13,63596.13,701.2,1.0906,STRUCTURAL_SL
869,EMS-base,2024-05-07 17:30:00+0200,2024-05-07 20:00:00+0200,2.5,Long,SL,-0.6,63892.78,63050.77,63391.79,842.01,1.3178,H1_EMA100
870,EMS-base,2024-05-09 21:00:00+0200,2024-05-10 16:30:00+0200,19.5,Long,SL,-1.0,62259.68,61890.0,61890.0,369.68,0.5938,STRUCTURAL_SL
871,EMS-base,2024-05-13 09:30:00+0200,2024-05-14 09:00:00+0200,23.5,Long,TP,0.38,61698.75,60797.79,62042.0,900.96,1.4603,H1_EMA100
872,EMS-base,2024-05-15 10:30:00+0200,2024-05-19 19:00:00+0200,104.5,Long,TP,15.66,62119.96,61829.96,66662.01,290.0,0.4668,H1_EMA100
873,EMS-base,2024-05-20 10:30:00+0200,2024-05-22 21:00:00+0200,58.5,Long,TP,4.13,66922.01,66279.64,69574.6,642.37,0.9599,H1_EMA100
874,EMS-base,2024-05-23 14:30:00+0200,2024-05-23 15:00:00+0200,0.5,Long,SL,-1.0,69968.0,69520.02,69520.02,447.98,0.6403,STRUCTURAL_SL
875,EMS-base,2024-05-24 20:30:00+0200,2024-05-26 18:00:00+0200,45.5,Long,SL,-0.2,69080.07,67924.39,68847.99,1155.68,1.673,H1_EMA100
876,EMS-base,2024-05-27 17:30:00+0200,2024-05-28 04:00:00+0200,10.5,Long,SL,-0.76,69770.01,68250.0,68614.11,1520.01,2.1786,H1_EMA100
877,EMS-base,2024-05-29 05:00:00+0200,2024-05-29 08:00:00+0200,3.0,Long,SL,-0.27,68684.6,68310.0,68584.73,374.6,0.5454,H1_EMA100
878,EMS-base,2024-05-30 15:30:00+0200,2024-05-31 09:00:00+0200,17.5,Long,TP,0.16,68200.0,67755.0,68272.0,445.0,0.6525,H1_EMA100
879,EMS-base,2024-05-31 15:00:00+0200,2024-05-31 15:30:00+0200,0.5,Long,SL,-1.0,68643.59,68280.0,68280.0,363.59,0.5297,STRUCTURAL_SL
880,EMS-base,2024-06-02 14:30:00+0200,2024-06-02 21:00:00+0200,6.5,Long,SL,-0.54,68092.0,67367.2,67697.14,724.8,1.0644,H1_EMA100
881,EMS-base,2024-06-07 07:30:00+0200,2024-06-07 14:30:00+0200,7.0,Long,SL,-1.0,71320.0,70905.18,70905.18,414.82,0.5816,STRUCTURAL_SL
882,EMS-base,2024-06-10 18:00:00+0200,2024-06-10 22:00:00+0200,4.0,Long,SL,-0.67,70066.12,69201.59,69490.8,864.53,1.2339,H1_EMA100
883,EMS-base,2024-06-17 22:00:00+0200,2024-06-18 03:00:00+0200,5.0,Long,SL,-0.61,66691.99,65138.0,65749.99,1553.99,2.3301,H1_EMA100
884,EMS-base,2024-06-19 09:00:00+0200,2024-06-19 09:30:00+0200,0.5,Long,SL,-1.0,65600.0,65395.51,65395.51,204.49,0.3117,STRUCTURAL_SL
885,EMS-base,2024-06-19 13:30:00+0200,2024-06-19 14:00:00+0200,0.5,Long,SL,-1.0,65460.0,65132.09,65132.09,327.91,0.5009,STRUCTURAL_SL
886,EMS-base,2024-06-20 07:30:00+0200,2024-06-20 16:00:00+0200,8.5,Long,SL,-0.75,65360.87,65070.91,65142.65,289.96,0.4436,H1_EMA100
887,EMS-base,2024-06-22 10:00:00+0200,2024-06-22 10:30:00+0200,0.5,Long,SL,-1.0,64519.99,64324.67,64324.67,195.32,0.3027,STRUCTURAL_SL
888,EMS-base,2024-06-25 17:00:00+0200,2024-06-25 19:00:00+0200,2.0,Long,SL,-0.5,61763.44,61012.0,61390.01,751.44,1.2166,H1_EMA100
889,EMS-base,2024-06-27 16:00:00+0200,2024-06-28 10:00:00+0200,18.0,Long,SL,-0.77,61990.0,61154.6,61350.01,835.4,1.3476,H1_EMA100
890,EMS-base,2024-06-29 16:00:00+0200,2024-06-29 17:00:00+0200,1.0,Long,SL,-0.44,61102.98,60907.8,61018.01,195.18,0.3194,H1_EMA100
891,EMS-base,2024-06-30 09:30:00+0200,2024-07-02 16:00:00+0200,54.5,Long,TP,1.04,61651.52,60712.21,62626.92,939.31,1.5236,H1_EMA100
892,EMS-base,2024-07-08 14:00:00+0200,2024-07-08 16:30:00+0200,2.5,Long,SL,-1.0,57154.01,55523.77,55523.77,1630.24,2.8524,STRUCTURAL_SL
893,EMS-base,2024-07-09 02:00:00+0200,2024-07-09 03:00:00+0200,1.0,Long,SL,-0.36,56714.61,56200.0,56531.05,514.61,0.9074,H1_EMA100
894,EMS-base,2024-07-11 10:00:00+0200,2024-07-11 16:00:00+0200,6.0,Long,SL,-1.0,58191.5,57872.89,57872.89,318.61,0.5475,STRUCTURAL_SL
895,EMS-base,2024-07-12 17:30:00+0200,2024-07-12 21:30:00+0200,4.0,Long,SL,-1.0,58173.44,57722.22,57722.22,451.22,0.7756,STRUCTURAL_SL
896,EMS-base,2024-07-18 09:30:00+0200,2024-07-18 16:00:00+0200,6.5,Long,SL,-1.0,64762.96,64402.35,64402.35,360.61,0.5568,STRUCTURAL_SL
897,EMS-base,2024-07-19 16:00:00+0200,2024-07-22 11:00:00+0200,67.0,Long,TP,1.72,65135.89,64005.57,67080.48,1130.32,1.7353,H1_EMA100
898,EMS-base,2024-07-22 22:00:00+0200,2024-07-23 01:00:00+0200,3.0,Long,SL,-1.0,68232.08,67322.5,67322.5,909.58,1.3331,STRUCTURAL_SL
899,EMS-base,2024-07-26 00:30:00+0200,2024-07-28 07:00:00+0200,54.5,Long,TP,1.07,65832.01,64425.0,67338.0,1407.01,2.1373,H1_EMA100
900,EMS-base,2024-07-28 21:30:00+0200,2024-07-29 17:00:00+0200,19.5,Long,SL,-0.05,68262.0,67577.63,68228.01,684.37,1.0026,H1_EMA100
901,EMS-base,2024-07-31 20:00:00+0200,2024-07-31 20:30:00+0200,0.5,Long,SL,-1.0,66686.01,66287.87,66287.87,398.14,0.597,STRUCTURAL_SL
902,EMS-base,2024-08-08 05:30:00+0200,2024-08-11 15:00:00+0200,81.5,Long,TP,1.1,57478.01,54730.0,60492.09,2748.01,4.781,H1_EMA100
903,EMS-base,2024-08-13 03:30:00+0200,2024-08-13 05:00:00+0200,1.5,Long,SL,-0.1,59554.0,58849.44,59481.99,704.56,1.1831,H1_EMA100
904,EMS-base,2024-08-13 18:30:00+0200,2024-08-14 16:00:00+0200,21.5,Long,SL,-0.52,59896.45,59352.36,59611.92,544.09,0.9084,H1_EMA100
905,EMS-base,2024-08-15 19:00:00+0200,2024-08-15 19:30:00+0200,0.5,Long,SL,-1.0,59538.01,59261.61,59261.61,276.4,0.4642,STRUCTURAL_SL
906,EMS-base,2024-08-16 20:00:00+0200,2024-08-19 00:00:00+0200,52.0,Long,TP,0.14,59215.85,57647.05,59439.33,1568.8,2.6493,H1_EMA100
907,EMS-base,2024-08-20 00:30:00+0200,2024-08-20 17:00:00+0200,16.5,Long,TP,1.8,59085.14,58876.0,59461.8,209.14,0.354,H1_EMA100
908,EMS-base,2024-08-21 19:00:00+0200,2024-08-22 20:00:00+0200,25.0,Long,TP,0.55,59885.58,59375.0,60164.7,510.58,0.8526,H1_EMA100
909,EMS-base,2024-08-23 04:00:00+0200,2024-08-26 09:00:00+0200,77.0,Long,TP,6.94,60768.45,60342.14,63728.44,426.31,0.7015,H1_EMA100
910,EMS-base,2024-09-02 14:00:00+0200,2024-09-02 14:30:00+0200,0.5,Long,SL,-1.0,58422.01,58349.02,58349.02,72.99,0.1249,STRUCTURAL_SL
911,EMS-base,2024-09-04 20:30:00+0200,2024-09-05 05:00:00+0200,8.5,Long,SL,-0.38,57897.99,57365.0,57692.99,532.99,0.9206,H1_EMA100
912,EMS-base,2024-09-11 20:00:00+0200,2024-09-16 00:00:00+0200,100.0,Long,TP,0.91,57694.0,55545.19,59651.69,2148.81,3.7245,H1_EMA100
913,EMS-base,2024-09-17 11:30:00+0200,2024-09-18 16:00:00+0200,28.5,Long,TP,7.41,58740.01,58636.36,59508.5,103.65,0.1765,H1_EMA100
914,EMS-base,2024-09-18 20:30:00+0200,2024-09-18 22:00:00+0200,1.5,Long,SL,-1.0,60520.0,59485.45,59485.45,1034.55,1.7094,STRUCTURAL_SL
915,EMS-base,2024-09-21 00:30:00+0200,2024-09-21 02:00:00+0200,1.5,Long,SL,-1.0,63228.0,63068.49,63068.49,159.51,0.2523,STRUCTURAL_SL
916,EMS-base,2024-09-21 11:30:00+0200,2024-09-21 12:30:00+0200,1.0,Long,SL,-1.0,63128.82,63000.0,63000.0,128.82,0.2041,STRUCTURAL_SL
917,EMS-base,2024-09-22 23:30:00+0200,2024-09-23 00:00:00+0200,0.5,Long,SL,-1.0,63220.0,62806.24,62806.24,413.76,0.6545,STRUCTURAL_SL
918,EMS-base,2024-09-23 01:00:00+0200,2024-09-23 16:00:00+0200,15.0,Long,SL,-0.46,63881.5,62357.93,63185.21,1523.57,2.385,H1_EMA100
919,EMS-base,2024-09-24 11:00:00+0200,2024-09-24 16:00:00+0200,5.0,Long,SL,-1.0,63851.05,62900.0,62900.0,951.05,1.4895,STRUCTURAL_SL
920,EMS-base,2024-09-24 20:00:00+0200,2024-09-25 12:00:00+0200,16.0,Long,SL,-0.24,63775.54,63088.02,63609.89,687.52,1.078,H1_EMA100
921,EMS-base,2024-09-26 11:00:00+0200,2024-09-29 09:00:00+0200,70.0,Long,TP,4.85,63709.5,63340.0,65499.99,369.5,0.58,H1_EMA100
922,EMS-base,2024-09-29 19:00:00+0200,2024-09-30 00:00:00+0200,5.0,Long,SL,-1.0,65765.0,65654.01,65654.01,110.99,0.1688,STRUCTURAL_SL
923,EMS-base,2024-10-06 01:00:00+0200,2024-10-06 06:30:00+0200,5.5,Long,SL,-1.0,62039.52,61850.29,61850.29,189.23,0.305,STRUCTURAL_SL
924,EMS-base,2024-10-06 11:30:00+0200,2024-10-07 21:00:00+0200,33.5,Long,TP,6.15,62051.46,61922.0,62848.0,129.46,0.2086,H1_EMA100
925,EMS-base,2024-10-11 12:00:00+0200,2024-10-13 14:00:00+0200,50.0,Long,TP,3.39,61086.0,60650.44,62561.33,435.56,0.713,H1_EMA100
926,EMS-base,2024-10-14 05:30:00+0200,2024-10-17 14:00:00+0200,80.5,Long,TP,4.16,63330.0,62478.65,66872.43,851.35,1.3443,H1_EMA100
927,EMS-base,2024-10-18 03:30:00+0200,2024-10-21 11:00:00+0200,79.5,Long,TP,1.13,67712.65,67192.36,68301.46,520.29,0.7684,H1_EMA100
928,EMS-base,2024-10-24 04:30:00+0200,2024-10-24 10:00:00+0200,5.5,Long,SL,-1.0,67391.51,67058.03,67058.03,333.48,0.4948,STRUCTURAL_SL
929,EMS-base,2024-11-05 09:00:00+0100,2024-11-14 16:00:00+0100,223.0,Long,TP,61.24,68894.0,68570.24,88720.03,323.76,0.4699,H1_EMA100
930,EMS-base,2024-11-15 13:30:00+0100,2024-11-15 15:30:00+0100,2.0,Long,SL,-1.0,90284.2,89138.94,89138.94,1145.26,1.2685,STRUCTURAL_SL
931,EMS-base,2024-11-17 11:00:00+0100,2024-11-17 14:30:00+0100,3.5,Long,SL,-1.0,91295.24,90368.0,90368.0,927.24,1.0156,STRUCTURAL_SL
932,EMS-base,2024-11-18 07:30:00+0100,2024-11-18 12:30:00+0100,5.0,Long,SL,-1.0,90947.39,90575.76,90575.76,371.63,0.4086,STRUCTURAL_SL
933,EMS-base,2024-11-25 06:00:00+0100,2024-11-25 14:00:00+0100,8.0,Long,SL,-1.0,97799.99,97297.36,97297.36,502.63,0.5139,STRUCTURAL_SL
934,EMS-base,2024-11-29 00:00:00+0100,2024-11-30 12:00:00+0100,36.0,Long,TP,0.51,95651.78,94698.0,96137.48,953.78,0.9971,H1_EMA100
935,EMS-base,2024-11-30 20:00:00+0100,2024-11-30 23:00:00+0100,3.0,Long,SL,-1.0,96966.37,96764.5,96764.5,201.87,0.2082,STRUCTURAL_SL
936,EMS-base,2024-12-01 11:00:00+0100,2024-12-02 05:00:00+0100,18.0,Long,SL,-0.75,97030.15,96299.1,96483.75,731.05,0.7534,H1_EMA100
937,EMS-base,2024-12-04 00:00:00+0100,2024-12-04 01:30:00+0100,1.5,Long,SL,-1.0,96117.76,95644.44,95644.44,473.32,0.4924,STRUCTURAL_SL
938,EMS-base,2024-12-04 21:00:00+0100,2024-12-05 21:00:00+0100,24.0,Long,TP,0.69,97209.64,94587.83,99028.0,2621.81,2.6971,H1_EMA100
939,EMS-base,2024-12-06 19:00:00+0100,2024-12-07 07:00:00+0100,12.0,Long,SL,-0.84,100844.06,98836.0,99155.98,2008.06,1.9913,H1_EMA100
940,EMS-base,2024-12-07 18:00:00+0100,2024-12-08 07:00:00+0100,13.0,Long,SL,-0.15,99621.57,99036.01,99534.26,585.56,0.5878,H1_EMA100
941,EMS-base,2024-12-08 15:00:00+0100,2024-12-09 02:00:00+0100,11.0,Long,SL,-0.59,100408.79,99124.01,99656.36,1284.78,1.2795,H1_EMA100
942,EMS-base,2024-12-11 07:30:00+0100,2024-12-11 08:30:00+0100,1.0,Long,SL,-1.0,97675.91,97300.8,97300.8,375.11,0.384,STRUCTURAL_SL
943,EMS-base,2024-12-13 16:00:00+0100,2024-12-13 16:30:00+0100,0.5,Long,SL,-1.0,101018.12,99936.25,99936.25,1081.87,1.071,STRUCTURAL_SL
944,EMS-base,2024-12-15 02:30:00+0100,2024-12-18 03:00:00+0100,72.5,Long,TP,10.77,101585.08,101237.14,105332.84,347.94,0.3425,H1_EMA100
945,EMS-base,2024-12-24 15:30:00+0100,2024-12-26 09:00:00+0100,41.5,Long,TP,0.32,96833.86,94075.1,97719.99,2758.76,2.849,H1_EMA100
946,EMS-base,2024-12-27 14:30:00+0100,2024-12-27 15:00:00+0100,0.5,Long,SL,-1.0,96423.21,96229.66,96229.66,193.55,0.2007,STRUCTURAL_SL
947,EMS-base,2024-12-31 11:30:00+0100,2024-12-31 20:00:00+0100,8.5,Long,SL,-0.1,94022.0,92548.0,93875.68,1474.0,1.5677,H1_EMA100
948,EMS-base,2025-01-01 17:00:00+0100,2025-01-01 18:00:00+0100,1.0,Long,SL,-1.0,94432.94,93900.0,93900.0,532.94,0.5644,STRUCTURAL_SL
949,EMS-base,2025-01-05 22:00:00+0100,2025-01-07 16:00:00+0100,42.0,Long,TP,2.44,98275.71,97577.46,99979.69,698.25,0.7105,H1_EMA100
950,EMS-base,2025-01-10 09:00:00+0100,2025-01-10 14:30:00+0100,5.5,Long,SL,-1.0,94492.62,93733.83,93733.83,758.79,0.803,STRUCTURAL_SL
951,EMS-base,2025-01-12 15:30:00+0100,2025-01-12 22:30:00+0100,7.0,Long,SL,-1.0,94824.53,94303.03,94303.03,521.5,0.55,STRUCTURAL_SL
952,EMS-base,2025-01-13 01:30:00+0100,2025-01-13 03:00:00+0100,1.5,Long,SL,-0.71,95261.67,93800.0,94218.01,1461.67,1.5344,H1_EMA100
953,EMS-base,2025-01-14 01:00:00+0100,2025-01-16 16:00:00+0100,63.0,Long,TP,8.3,94536.11,94164.77,97618.89,371.34,0.3928,H1_EMA100
954,EMS-base,2025-01-20 09:00:00+0100,2025-01-20 18:00:00+0100,9.0,Long,SL,-1.0,107120.65,102220.8,102220.8,4899.85,4.5741,STRUCTURAL_SL
955,EMS-base,2025-01-21 17:00:00+0100,2025-01-22 15:00:00+0100,22.0,Long,TP,0.11,103942.99,102803.43,104073.94,1139.56,1.0963,H1_EMA100
956,EMS-base,2025-01-23 18:00:00+0100,2025-01-23 21:00:00+0100,3.0,Long,SL,-0.55,105139.18,102643.49,103770.04,2495.69,2.3737,H1_EMA100
957,EMS-base,2025-01-25 20:30:00+0100,2025-01-26 02:00:00+0100,5.5,Long,SL,-0.73,105002.95,104449.75,104599.96,553.2,0.5268,H1_EMA100
958,EMS-base,2025-01-26 05:00:00+0100,2025-01-26 10:30:00+0100,5.5,Long,SL,-1.0,105062.41,104568.0,104568.0,494.41,0.4706,STRUCTURAL_SL
959,EMS-base,2025-01-26 14:30:00+0100,2025-01-26 22:30:00+0100,8.0,Long,SL,-1.0,104922.99,104703.58,104703.58,219.41,0.2091,STRUCTURAL_SL
960,EMS-base,2025-01-28 04:00:00+0100,2025-01-28 18:00:00+0100,14.0,Long,SL,-0.14,102402.01,101334.55,102250.01,1067.46,1.0424,H1_EMA100
961,EMS-base,2025-01-29 08:00:00+0100,2025-01-29 14:00:00+0100,6.0,Long,SL,-1.0,102801.64,101976.19,101976.19,825.45,0.803,STRUCTURAL_SL
962,EMS-base,2025-01-31 16:30:00+0100,2025-01-31 19:00:00+0100,2.5,Long,SL,-1.0,105166.24,104106.0,104106.0,1060.24,1.0082,STRUCTURAL_SL
963,EMS-base,2025-02-03 19:00:00+0100,2025-02-04 07:00:00+0100,12.0,Long,SL,-0.29,99206.38,98038.58,98865.99,1167.8,1.1771,H1_EMA100
964,EMS-base,2025-02-06 09:30:00+0100,2025-02-06 16:00:00+0100,6.5,Long,SL,-0.4,98048.0,97516.52,97835.98,531.48,0.5421,H1_EMA100
965,EMS-base,2025-02-07 13:30:00+0100,2025-02-07 14:30:00+0100,1.0,Long,SL,-1.0,97685.52,97248.22,97248.22,437.3,0.4477,STRUCTURAL_SL
966,EMS-base,2025-02-09 03:00:00+0100,2025-02-09 04:00:00+0100,1.0,Long,SL,-0.42,96992.36,96360.14,96727.31,632.22,0.6518,H1_EMA100
967,EMS-base,2025-02-10 06:30:00+0100,2025-02-11 15:00:00+0100,32.5,Long,SL,-0.12,97020.01,95256.0,96799.53,1764.01,1.8182,H1_EMA100
968,EMS-base,2025-02-12 19:30:00+0100,2025-02-13 07:00:00+0100,11.5,Long,SL,-0.08,96807.43,95120.3,96666.38,1687.13,1.7428,H1_EMA100
969,EMS-base,2025-02-14 02:30:00+0100,2025-02-14 16:00:00+0100,13.5,Long,SL,-1.0,96675.81,96265.16,96265.16,410.65,0.4248,STRUCTURAL_SL
970,EMS-base,2025-02-19 09:30:00+0100,2025-02-19 16:00:00+0100,6.5,Long,SL,-0.07,95819.91,95029.99,95766.33,789.92,0.8244,H1_EMA100
971,EMS-base,2025-02-28 20:00:00+0100,2025-03-01 02:00:00+0100,6.0,Long,SL,-0.47,84440.97,83196.71,83857.92,1244.26,1.4735,H1_EMA100
972,EMS-base,2025-03-04 22:30:00+0100,2025-03-05 01:30:00+0100,3.0,Long,SL,-1.0,88779.74,86582.27,86582.27,2197.47,2.4752,STRUCTURAL_SL
973,EMS-base,2025-03-07 16:00:00+0100,2025-03-07 16:30:00+0100,0.5,Long,SL,-1.0,90440.74,88655.34,88655.34,1785.4,1.9741,STRUCTURAL_SL
974,EMS-base,2025-03-11 12:00:00+0100,2025-03-11 14:00:00+0100,2.0,Long,SL,-0.38,81808.25,80263.87,81225.5,1544.38,1.8878,H1_EMA100
975,EMS-base,2025-03-14 10:00:00+0100,2025-03-16 11:00:00+0100,49.0,Long,TP,1.6,82593.45,81780.08,83897.02,813.37,0.9848,H1_EMA100
976,EMS-base,2025-03-17 19:00:00+0100,2025-03-18 02:30:00+0100,7.5,Long,SL,-1.0,84197.46,83103.6,83103.6,1093.86,1.2992,STRUCTURAL_SL
977,EMS-base,2025-03-19 06:30:00+0100,2025-03-20 17:00:00+0100,34.5,Long,TP,5.69,83032.71,82740.94,84691.76,291.77,0.3514,H1_EMA100
978,EMS-base,2025-03-22 08:00:00+0100,2025-03-22 09:00:00+0100,1.0,Long,SL,-0.33,84335.83,84153.21,84274.72,182.62,0.2165,H1_EMA100
979,EMS-base,2025-03-23 09:00:00+0100,2025-03-25 09:00:00+0100,48.0,Long,TP,10.59,84279.82,84076.08,86436.82,203.74,0.2417,H1_EMA100
980,EMS-base,2025-03-25 14:00:00+0100,2025-03-26 14:30:00+0100,24.5,Long,SL,-1.0,87084.01,86929.46,86929.46,154.55,0.1775,STRUCTURAL_SL
981,EMS-base,2025-03-27 05:30:00+0100,2025-03-27 06:00:00+0100,0.5,Long,SL,-1.0,87577.72,87431.64,87431.64,146.08,0.1668,STRUCTURAL_SL
982,EMS-base,2025-03-27 23:30:00+0100,2025-03-28 01:30:00+0100,2.0,Long,SL,-1.0,87383.94,86943.04,86943.04,440.9,0.5046,STRUCTURAL_SL
983,EMS-base,2025-03-31 17:30:00+0200,2025-03-31 20:00:00+0200,2.5,Long,SL,-0.48,83635.25,81656.0,82680.34,1979.25,2.3665,H1_EMA100
984,EMS-base,2025-04-04 10:00:00+0200,2025-04-04 12:00:00+0200,2.0,Long,SL,-1.0,83992.85,83041.95,83041.95,950.9,1.1321,STRUCTURAL_SL
985,EMS-base,2025-04-04 20:00:00+0200,2025-04-05 09:00:00+0200,13.0,Long,SL,-0.53,84459.99,82603.77,83477.3,1856.22,2.1978,H1_EMA100
986,EMS-base,2025-04-06 07:00:00+0200,2025-04-06 08:30:00+0200,1.5,Long,SL,-1.0,83499.99,83163.45,83163.45,336.54,0.403,STRUCTURAL_SL
987,EMS-base,2025-04-08 01:00:00+0200,2025-04-08 02:00:00+0200,1.0,Long,SL,-0.41,79956.47,78019.9,79163.24,1936.57,2.422,H1_EMA100
988,EMS-base,2025-04-09 19:30:00+0200,2025-04-10 18:00:00+0200,22.5,Long,SL,-0.54,80820.83,77012.23,78757.0,3808.6,4.7124,H1_EMA100
989,EMS-base,2025-04-11 08:30:00+0200,2025-04-13 16:00:00+0200,55.5,Long,TP,5.51,80986.54,80512.22,83599.13,474.32,0.5857,H1_EMA100
990,EMS-base,2025-04-14 05:30:00+0200,2025-04-14 17:30:00+0200,12.0,Long,SL,-1.0,84674.47,84036.84,84036.84,637.63,0.753,STRUCTURAL_SL
991,EMS-base,2025-04-16 18:30:00+0200,2025-04-16 19:30:00+0200,1.0,Long,SL,-1.0,84844.72,83512.2,83512.2,1332.52,1.5705,STRUCTURAL_SL
992,EMS-base,2025-04-17 08:30:00+0200,2025-04-17 16:30:00+0200,8.0,Long,SL,-1.0,84604.0,83900.0,83900.0,704.0,0.8321,STRUCTURAL_SL
993,EMS-base,2025-04-19 06:00:00+0200,2025-04-20 09:00:00+0200,27.0,Long,TP,0.18,84883.72,84488.85,84955.42,394.87,0.4652,H1_EMA100
994,EMS-base,2025-04-21 02:00:00+0200,2025-04-27 04:00:00+0200,146.0,Long,TP,17.54,85179.24,84669.73,94117.6,509.51,0.5982,H1_EMA100
995,EMS-base,2025-04-28 09:30:00+0200,2025-04-28 15:30:00+0200,6.0,Long,SL,-1.0,94666.38,93962.8,93962.8,703.58,0.7432,STRUCTURAL_SL
996,EMS-base,2025-04-28 22:00:00+0200,2025-04-29 07:00:00+0200,9.0,Long,SL,-0.43,94786.73,93787.61,94353.32,999.12,1.0541,H1_EMA100
997,EMS-base,2025-04-30 07:30:00+0200,2025-04-30 10:00:00+0200,2.5,Long,SL,-0.69,94973.41,94460.0,94620.99,513.41,0.5406,H1_EMA100
998,EMS-base,2025-04-30 12:00:00+0200,2025-04-30 14:30:00+0200,2.5,Long,SL,-1.0,94970.01,94527.58,94527.58,442.43,0.4659,STRUCTURAL_SL
999,EMS-base,2025-05-01 05:30:00+0200,2025-05-03 06:00:00+0200,48.5,Long,TP,2.22,94815.13,94130.43,96337.5,684.7,0.7221,H1_EMA100
1000,EMS-base,2025-05-06 21:00:00+0200,2025-05-06 23:00:00+0200,2.0,Long,SL,-1.0,95067.36,94495.26,94495.26,572.1,0.6018,STRUCTURAL_SL
1001,EMS-base,2025-05-13 14:00:00+0200,2025-05-13 17:00:00+0200,3.0,Long,SL,-0.45,103729.2,102540.18,103191.65,1189.02,1.1463,H1_EMA100
1002,EMS-base,2025-05-15 20:30:00+0200,2025-05-15 21:00:00+0200,0.5,Long,SL,-1.0,103491.85,103026.33,103026.33,465.52,0.4498,STRUCTURAL_SL
1003,EMS-base,2025-05-15 22:00:00+0200,2025-05-17 01:00:00+0200,27.0,Long,TP,0.6,103157.26,102552.35,103521.96,604.91,0.5864,H1_EMA100
1004,EMS-base,2025-05-18 07:30:00+0200,2025-05-19 06:00:00+0200,22.5,Long,TP,0.52,103445.74,103140.32,103605.88,305.42,0.2952,H1_EMA100
1005,EMS-base,2025-05-19 19:00:00+0200,2025-05-20 16:00:00+0200,21.0,Long,SL,-0.28,105356.43,102126.16,104448.04,3230.27,3.066,H1_EMA100
1006,EMS-base,2025-05-24 22:00:00+0200,2025-05-24 23:00:00+0200,1.0,Long,SL,-0.54,108960.0,108781.54,108863.63,178.46,0.1638,H1_EMA100
1007,EMS-base,2025-05-26 02:00:00+0200,2025-05-27 04:00:00+0200,26.0,Long,SL,-0.34,109004.2,107176.0,108385.31,1828.2,1.6772,H1_EMA100
1008,EMS-base,2025-05-27 11:00:00+0200,2025-05-27 16:30:00+0200,5.5,Long,SL,-1.0,109695.66,108826.08,108826.08,869.58,0.7927,STRUCTURAL_SL
1009,EMS-base,2025-05-29 13:00:00+0200,2025-05-29 14:30:00+0200,1.5,Long,SL,-1.0,108746.01,108381.76,108381.76,364.25,0.335,STRUCTURAL_SL
1010,EMS-base,2025-06-01 18:00:00+0200,2025-06-01 20:30:00+0200,2.5,Long,SL,-1.0,104715.1,104502.99,104502.99,212.11,0.2026,STRUCTURAL_SL
1011,EMS-base,2025-06-03 00:30:00+0200,2025-06-04 08:00:00+0200,31.5,Long,SL,-0.34,105750.52,104575.37,105354.14,1175.15,1.1112,H1_EMA100
1012,EMS-base,2025-06-04 12:30:00+0200,2025-06-04 13:30:00+0200,1.0,Long,SL,-1.0,105734.34,105329.54,105329.54,404.8,0.3828,STRUCTURAL_SL
1013,EMS-base,2025-06-06 14:30:00+0200,2025-06-09 07:00:00+0200,64.5,Long,TP,5.4,103849.52,103553.31,105449.21,296.21,0.2852,H1_EMA100
1014,EMS-base,2025-06-09 11:30:00+0200,2025-06-11 20:00:00+0200,56.5,Long,TP,4.18,106151.87,105473.57,108984.72,678.3,0.639,H1_EMA100
1015,EMS-base,2025-06-15 03:00:00+0200,2025-06-15 04:00:00+0200,1.0,Long,SL,-0.59,105643.99,105264.75,105421.03,379.24,0.359,H1_EMA100
1016,EMS-base,2025-06-15 16:00:00+0200,2025-06-15 22:00:00+0200,6.0,Long,SL,-0.37,105515.97,104915.14,105294.19,600.83,0.5694,H1_EMA100
1017,EMS-base,2025-06-16 02:30:00+0200,2025-06-17 11:00:00+0200,32.5,Long,TP,1.16,105470.16,104526.74,106568.06,943.42,0.8945,H1_EMA100
1018,EMS-base,2025-06-23 09:30:00+0200,2025-06-23 12:00:00+0200,2.5,Long,SL,-0.4,101852.41,101136.17,101567.66,716.24,0.7032,H1_EMA100
1019,EMS-base,2025-06-28 06:00:00+0200,2025-06-29 22:00:00+0200,40.0,Long,TP,0.49,107300.13,107080.27,107406.81,219.86,0.2049,H1_EMA100
1020,EMS-base,2025-07-02 10:30:00+0200,2025-07-04 10:00:00+0200,47.5,Long,TP,1.37,107630.88,106852.83,108700.0,778.05,0.7229,H1_EMA100
1021,EMS-base,2025-07-06 16:00:00+0200,2025-07-07 15:00:00+0200,23.0,Long,SL,-0.44,108772.18,107800.01,108346.85,972.17,0.8938,H1_EMA100
1022,EMS-base,2025-07-08 13:00:00+0200,2025-07-08 17:00:00+0200,4.0,Long,SL,-0.76,108832.78,108229.15,108376.0,603.63,0.5546,H1_EMA100
1023,EMS-base,2025-07-13 04:00:00+0200,2025-07-15 03:00:00+0200,47.0,Long,TP,5.92,117553.37,117224.79,119497.92,328.58,0.2795,H1_EMA100
1024,EMS-base,2025-07-16 10:00:00+0200,2025-07-17 04:00:00+0200,18.0,Long,SL,-0.03,118189.24,117017.29,118149.7,1171.95,0.9916,H1_EMA100
1025,EMS-base,2025-07-17 08:30:00+0200,2025-07-17 09:00:00+0200,0.5,Long,SL,-1.0,118660.66,118225.54,118225.54,435.12,0.3667,STRUCTURAL_SL
1026,EMS-base,2025-07-17 20:00:00+0200,2025-07-18 11:00:00+0200,15.0,Long,SL,-0.67,119261.51,118333.6,118642.01,927.91,0.778,H1_EMA100
1027,EMS-base,2025-07-20 16:00:00+0200,2025-07-20 20:00:00+0200,4.0,Long,SL,-0.57,118417.35,117723.23,118018.69,694.12,0.5862,H1_EMA100
1028,EMS-base,2025-07-21 08:00:00+0200,2025-07-21 13:30:00+0200,5.5,Long,SL,-1.0,118430.22,118188.95,118188.95,241.27,0.2037,STRUCTURAL_SL
1029,EMS-base,2025-07-22 12:30:00+0200,2025-07-22 16:00:00+0200,3.5,Long,SL,-1.0,118523.07,117873.42,117873.42,649.65,0.5481,STRUCTURAL_SL
1030,EMS-base,2025-07-24 03:30:00+0200,2025-07-24 06:00:00+0200,2.5,Long,SL,-0.88,118961.03,118421.86,118488.92,539.17,0.4532,H1_EMA100
1031,EMS-base,2025-07-24 15:00:00+0200,2025-07-24 16:00:00+0200,1.0,Long,SL,-0.53,118531.43,117955.59,118227.48,575.84,0.4858,H1_EMA100
1032,EMS-base,2025-07-24 17:00:00+0200,2025-07-25 00:00:00+0200,7.0,Long,SL,-0.43,119057.12,117832.32,118527.52,1224.8,1.0287,H1_EMA100
1033,EMS-base,2025-07-26 02:00:00+0200,2025-07-26 04:00:00+0200,2.0,Long,SL,-0.7,117614.31,116956.0,117153.73,658.31,0.5597,H1_EMA100
1034,EMS-base,2025-07-29 09:00:00+0200,2025-07-29 12:30:00+0200,3.5,Long,SL,-1.0,118764.86,118416.66,118416.66,348.2,0.2932,STRUCTURAL_SL
1035,EMS-base,2025-07-30 11:30:00+0200,2025-07-30 12:30:00+0200,1.0,Long,SL,-1.0,118149.99,117939.99,117939.99,210.0,0.1777,STRUCTURAL_SL
1036,EMS-base,2025-07-31 05:00:00+0200,2025-07-31 15:30:00+0200,10.5,Long,SL,-1.0,118447.52,117981.02,117981.02,466.5,0.3938,STRUCTURAL_SL
1037,EMS-base,2025-08-05 14:00:00+0200,2025-08-05 14:30:00+0200,0.5,Long,SL,-1.0,114827.07,114220.91,114220.91,606.16,0.5279,STRUCTURAL_SL
1038,EMS-base,2025-08-09 07:30:00+0200,2025-08-09 22:00:00+0200,14.5,Long,SL,-0.74,116966.67,116387.02,116535.69,579.65,0.4956,H1_EMA100
1039,EMS-base,2025-08-10 05:30:00+0200,2025-08-11 22:00:00+0200,40.5,Long,TP,0.4,118362.97,116539.99,119089.3,1822.98,1.5402,H1_EMA100
1040,EMS-base,2025-08-12 19:30:00+0200,2025-08-13 08:00:00+0200,12.5,Long,SL,-0.44,119412.45,118631.69,119070.69,780.76,0.6538,H1_EMA100
1041,EMS-base,2025-08-17 08:00:00+0200,2025-08-17 09:00:00+0200,1.0,Long,SL,-0.15,118000.0,117505.93,117923.99,494.07,0.4187,H1_EMA100
1042,EMS-base,2025-08-21 00:00:00+0200,2025-08-21 02:00:00+0200,2.0,Long,SL,-0.24,114356.24,114000.0,114271.24,356.24,0.3115,H1_EMA100
1043,EMS-base,2025-08-22 17:00:00+0200,2025-08-23 16:00:00+0200,23.0,Long,SL,-0.24,115808.24,111932.28,114864.92,3875.96,3.3469,H1_EMA100
1044,EMS-base,2025-08-24 04:30:00+0200,2025-08-24 05:00:00+0200,0.5,Long,SL,-1.0,115519.96,115196.0,115196.0,323.96,0.2804,STRUCTURAL_SL
1045,EMS-base,2025-08-27 00:00:00+0200,2025-08-27 03:30:00+0200,3.5,Long,SL,-1.0,111584.6,111113.67,111113.67,470.93,0.422,STRUCTURAL_SL
1046,EMS-base,2025-08-31 03:30:00+0200,2025-08-31 05:00:00+0200,1.5,Long,SL,-0.13,109334.0,108509.88,109224.87,824.12,0.7538,H1_EMA100
1047,EMS-base,2025-08-31 21:00:00+0200,2025-08-31 22:00:00+0200,1.0,Long,SL,-0.37,109146.62,108555.0,108930.0,591.62,0.542,H1_EMA100
1048,EMS-base,2025-09-01 11:30:00+0200,2025-09-01 13:00:00+0200,1.5,Long,SL,-0.46,109700.0,107255.0,108571.41,2445.0,2.2288,H1_EMA100
1049,EMS-base,2025-09-02 02:00:00+0200,2025-09-02 15:00:00+0200,13.0,Long,SL,-0.25,109237.43,107459.49,108795.99,1777.94,1.6276,H1_EMA100
1050,EMS-base,2025-09-05 05:00:00+0200,2025-09-05 17:00:00+0200,12.0,Long,SL,-0.85,111340.64,110435.75,110569.99,904.89,0.8127,H1_EMA100
1051,EMS-base,2025-09-05 22:00:00+0200,2025-09-06 00:00:00+0200,2.0,Long,SL,-0.72,111614.54,110206.96,110605.01,1407.58,1.2611,H1_EMA100
1052,EMS-base,2025-09-07 10:30:00+0200,2025-09-08 03:00:00+0200,16.5,Long,SL,-0.51,111235.8,110463.1,110837.96,772.7,0.6947,H1_EMA100
1053,EMS-base,2025-09-10 10:30:00+0200,2025-09-13 19:00:00+0200,80.5,Long,TP,2.03,112679.61,111372.42,115334.0,1307.19,1.1601,H1_EMA100
1054,EMS-base,2025-09-15 01:00:00+0200,2025-09-15 01:30:00+0200,0.5,Long,SL,-1.0,116009.62,115330.99,115330.99,678.63,0.585,STRUCTURAL_SL
1055,EMS-base,2025-09-15 08:00:00+0200,2025-09-15 10:30:00+0200,2.5,Long,SL,-1.0,116519.13,115283.49,115283.49,1235.64,1.0605,STRUCTURAL_SL
1056,EMS-base,2025-09-16 07:30:00+0200,2025-09-16 13:00:00+0200,5.5,Long,SL,-0.45,115738.19,114930.0,115372.46,808.19,0.6983,H1_EMA100
1057,EMS-base,2025-09-16 18:00:00+0200,2025-09-17 17:00:00+0200,23.0,Long,SL,-0.33,115905.88,115010.66,115606.61,895.22,0.7724,H1_EMA100
1058,EMS-base,2025-09-18 03:30:00+0200,2025-09-19 09:00:00+0200,29.5,Long,TP,0.24,116557.69,116092.76,116669.75,464.93,0.3989,H1_EMA100
1059,EMS-base,2025-09-24 13:00:00+0200,2025-09-24 16:00:00+0200,3.0,Long,SL,-0.43,112941.99,112668.51,112823.62,273.48,0.2421,H1_EMA100
1060,EMS-base,2025-09-28 16:30:00+0200,2025-10-07 09:00:00+0200,208.5,Long,TP,26.95,109715.94,109189.99,123890.84,525.95,0.4794,H1_EMA100
1061,EMS-base,2025-10-07 15:30:00+0200,2025-10-07 16:00:00+0200,0.5,Long,SL,-1.0,124804.14,124340.0,124340.0,464.14,0.3719,STRUCTURAL_SL
1062,EMS-base,2025-10-08 19:30:00+0200,2025-10-08 23:00:00+0200,3.5,Long,SL,-0.51,123792.36,121954.34,122856.69,1838.02,1.4848,H1_EMA100
1063,EMS-base,2025-10-19 13:00:00+0200,2025-10-21 05:00:00+0200,40.0,Long,TP,0.92,107882.71,106103.36,109514.92,1779.35,1.6493,H1_EMA100
1064,EMS-base,2025-10-21 17:30:00+0200,2025-10-22 01:00:00+0200,7.5,Long,SL,-0.81,112979.17,108167.18,109066.98,4811.99,4.2592,H1_EMA100
1065,EMS-base,2025-10-23 08:30:00+0200,2025-10-28 02:00:00+0100,114.5,Long,TP,2.62,109881.05,108323.59,113961.67,1557.46,1.4174,H1_EMA100
1066,EMS-base,2025-10-28 15:00:00+0100,2025-10-28 20:00:00+0100,5.0,Long,SL,-1.0,115522.91,114138.06,114138.06,1384.85,1.1988,STRUCTURAL_SL
1067,EMS-base,2025-11-07 21:00:00+0100,2025-11-08 06:30:00+0100,9.5,Long,SL,-1.0,103395.92,102282.2,102282.2,1113.72,1.0771,STRUCTURAL_SL
1068,EMS-base,2025-11-09 15:00:00+0100,2025-11-11 09:00:00+0100,42.0,Long,TP,2.18,102911.4,102050.64,104783.98,860.76,0.8364,H1_EMA100
1069,EMS-base,2025-11-12 12:30:00+0100,2025-11-12 15:30:00+0100,3.0,Long,SL,-1.0,104794.01,104416.69,104416.69,377.32,0.3601,STRUCTURAL_SL
1070,EMS-base,2025-11-13 10:00:00+0100,2025-11-13 11:00:00+0100,1.0,Long,SL,-0.45,103684.07,101772.52,102827.0,1911.55,1.8436,H1_EMA100
1071,EMS-base,2025-11-16 11:30:00+0100,2025-11-16 12:00:00+0100,0.5,Long,SL,-1.0,96481.28,95936.0,95936.0,545.28,0.5652,STRUCTURAL_SL
1072,EMS-base,2025-11-17 09:30:00+0100,2025-11-17 13:00:00+0100,3.5,Long,SL,-0.3,95846.83,94900.0,95565.38,946.83,0.9879,H1_EMA100
1073,EMS-base,2025-11-18 19:30:00+0100,2025-11-18 22:00:00+0100,2.5,Long,SL,-0.2,93231.99,91010.0,92783.36,2221.99,2.3833,H1_EMA100
1074,EMS-base,2025-11-20 04:00:00+0100,2025-11-20 12:00:00+0100,8.0,Long,SL,-0.35,92592.85,90339.19,91801.39,2253.66,2.4339,H1_EMA100
1075,EMS-base,2025-11-24 18:30:00+0100,2025-11-25 10:00:00+0100,15.5,Long,SL,-0.92,87717.41,86950.51,87009.82,766.9,0.8743,H1_EMA100
1076,EMS-base,2025-11-26 03:00:00+0100,2025-11-26 04:30:00+0100,1.5,Long,SL,-1.0,87921.94,87338.05,87338.05,583.89,0.6641,STRUCTURAL_SL
1077,EMS-base,2025-11-26 18:30:00+0100,2025-11-28 19:00:00+0100,48.5,Long,TP,1.0,88663.14,86664.23,90663.98,1998.91,2.2545,H1_EMA100
1078,EMS-base,2025-11-30 06:00:00+0100,2025-11-30 07:00:00+0100,1.0,Long,SL,-0.19,90857.99,90471.0,90783.75,386.99,0.4259,H1_EMA100
1079,EMS-base,2025-11-30 08:00:00+0100,2025-12-01 00:00:00+0100,16.0,Long,SL,-1.0,90898.69,90670.4,90670.4,228.29,0.2511,STRUCTURAL_SL
1080,EMS-base,2025-12-07 19:00:00+0100,2025-12-07 23:00:00+0100,4.0,Long,SL,-1.0,90945.18,89115.85,89115.85,1829.33,2.0115,STRUCTURAL_SL
1081,EMS-base,2025-12-09 17:00:00+0100,2025-12-11 02:00:00+0100,33.0,Long,SL,-0.49,92707.5,90004.73,91386.17,2702.77,2.9154,H1_EMA100
1082,EMS-base,2025-12-11 23:00:00+0100,2025-12-12 16:30:00+0100,17.5,Long,SL,-1.0,92858.4,90758.43,90758.43,2099.97,2.2615,STRUCTURAL_SL
1083,EMS-base,2025-12-15 09:30:00+0100,2025-12-15 13:00:00+0100,3.5,Long,SL,-0.64,89863.77,89516.0,89641.28,347.77,0.387,H1_EMA100
1084,EMS-base,2025-12-17 16:00:00+0100,2025-12-17 17:00:00+0100,1.0,Long,SL,-0.85,89675.85,86817.27,87233.44,2858.58,3.1877,H1_EMA100
1085,EMS-base,2025-12-18 11:00:00+0100,2025-12-18 18:00:00+0100,7.0,Long,SL,-1.0,87280.95,86685.14,86685.14,595.81,0.6826,STRUCTURAL_SL
1086,EMS-base,2025-12-19 08:00:00+0100,2025-12-19 18:30:00+0100,10.5,Long,SL,-1.0,87483.41,86907.8,86907.8,575.61,0.658,STRUCTURAL_SL
1087,EMS-base,2025-12-24 23:00:00+0100,2025-12-25 01:30:00+0100,2.5,Long,SL,-1.0,87696.34,87516.77,87516.77,179.57,0.2048,STRUCTURAL_SL
1088,EMS-base,2025-12-28 01:00:00+0100,2025-12-28 07:00:00+0100,6.0,Long,SL,-0.58,87877.0,87499.99,87657.93,377.01,0.429,H1_EMA100
1089,EMS-base,2025-12-29 01:30:00+0100,2025-12-29 11:00:00+0100,9.5,Long,TP,0.15,88011.63,87435.0,88100.05,576.63,0.6552,H1_EMA100
1090,EMS-base,2025-12-30 13:30:00+0100,2025-12-30 22:00:00+0100,8.5,Long,SL,-0.18,87994.77,87735.09,87947.15,259.68,0.2951,H1_EMA100
1091,EMS-base,2026-01-09 18:00:00+0100,2026-01-09 20:00:00+0100,2.0,Long,SL,-0.45,91623.89,89850.0,90820.31,1773.89,1.9361,H1_EMA100
1092,EMS-base,2026-01-11 06:30:00+0100,2026-01-11 07:00:00+0100,0.5,Long,SL,-1.0,90757.49,90661.53,90661.53,95.96,0.1057,STRUCTURAL_SL
1093,EMS-base,2026-01-12 17:30:00+0100,2026-01-12 23:00:00+0100,5.5,Long,SL,-0.56,92217.62,90128.44,91055.17,2089.18,2.2655,H1_EMA100
1094,EMS-base,2026-01-17 17:30:00+0100,2026-01-17 19:00:00+0100,1.5,Long,SL,-0.61,95471.69,95283.99,95357.24,187.7,0.1966,H1_EMA100
1095,EMS-base,2026-01-18 20:30:00+0100,2026-01-19 00:00:00+0100,3.5,Long,SL,-1.0,95451.07,95073.02,95073.02,378.05,0.3961,STRUCTURAL_SL
1096,EMS-base,2026-01-23 05:00:00+0100,2026-01-23 06:00:00+0100,1.0,Long,SL,-1.0,89924.78,89646.18,89646.18,278.6,0.3098,STRUCTURAL_SL
1097,EMS-base,2026-01-23 18:30:00+0100,2026-01-23 21:30:00+0100,3.0,Long,SL,-1.0,90981.98,89489.0,89489.0,1492.98,1.641,STRUCTURAL_SL
1098,EMS-base,2026-01-26 20:30:00+0100,2026-01-26 22:00:00+0100,1.5,Long,SL,-0.49,88189.52,87035.51,87629.22,1154.01,1.3086,H1_EMA100
1099,EMS-base,2026-01-27 21:30:00+0100,2026-01-29 03:00:00+0100,29.5,Long,SL,-0.5,89149.98,88049.89,88603.56,1100.09,1.234,H1_EMA100
1100,EMS-base,2026-02-09 22:00:00+0100,2026-02-09 22:30:00+0100,0.5,Long,SL,-1.0,70738.71,70088.88,70088.88,649.83,0.9186,STRUCTURAL_SL
1101,EMS-base,2026-02-12 13:00:00+0100,2026-02-12 14:00:00+0100,1.0,Long,SL,-0.18,68076.01,66891.6,67865.31,1184.41,1.7398,H1_EMA100
1102,EMS-base,2026-02-13 13:30:00+0100,2026-02-15 14:00:00+0100,48.5,Long,TP,7.07,67097.17,66783.38,69314.21,313.79,0.4677,H1_EMA100
1103,EMS-base,2026-02-17 04:30:00+0100,2026-02-17 05:30:00+0100,1.0,Long,SL,-1.0,68651.99,68387.2,68387.2,264.79,0.3857,STRUCTURAL_SL
1104,EMS-base,2026-02-18 11:00:00+0100,2026-02-18 12:00:00+0100,1.0,Long,SL,-0.78,68157.8,67702.7,67801.26,455.1,0.6677,H1_EMA100
1105,EMS-base,2026-02-22 07:30:00+0100,2026-02-22 13:30:00+0100,6.0,Long,SL,-1.0,68116.5,67881.81,67881.81,234.69,0.3445,STRUCTURAL_SL
1106,EMS-base,2026-02-27 08:00:00+0100,2026-02-27 11:00:00+0100,3.0,Long,SL,-1.0,67658.14,67099.71,67099.71,558.43,0.8254,STRUCTURAL_SL
1107,EMS-base,2026-02-28 21:30:00+0100,2026-03-01 18:00:00+0100,20.5,Long,SL,-0.54,66750.14,65602.65,66135.45,1147.49,1.7191,H1_EMA100
1108,EMS-base,2026-03-02 05:30:00+0100,2026-03-02 08:00:00+0100,2.5,Long,SL,-0.7,66937.99,65890.5,66204.9,1047.49,1.5649,H1_EMA100
1109,EMS-base,2026-03-02 16:30:00+0100,2026-03-03 10:00:00+0100,17.5,Long,SL,-0.47,68555.99,65259.21,67003.3,3296.78,4.8089,H1_EMA100
1110,EMS-base,2026-03-03 19:30:00+0100,2026-03-05 19:00:00+0100,47.5,Long,TP,0.97,68465.87,66158.0,70704.41,2307.87,3.3708,H1_EMA100
1111,EMS-base,2026-03-09 09:30:00+0100,2026-03-11 07:00:00+0100,45.5,Long,TP,1.77,67813.51,66853.48,69510.36,960.03,1.4157,H1_EMA100
1112,EMS-base,2026-03-11 16:00:00+0100,2026-03-12 03:00:00+0100,11.0,Long,SL,-0.52,70578.7,69152.57,69841.31,1426.13,2.0206,H1_EMA100
1113,EMS-base,2026-03-12 13:00:00+0100,2026-03-12 15:30:00+0100,2.5,Long,SL,-1.0,70427.9,69580.0,69580.0,847.9,1.2039,STRUCTURAL_SL
1114,EMS-base,2026-03-15 03:30:00+0100,2026-03-18 13:00:00+0100,81.5,Long,TP,4.11,71268.29,70858.82,72952.85,409.47,0.5745,H1_EMA100
1115,EMS-base,2026-03-21 02:00:00+0100,2026-03-21 03:00:00+0100,1.0,Long,SL,-0.23,70682.2,69754.71,70464.59,927.49,1.3122,H1_EMA100
1116,EMS-base,2026-03-23 13:00:00+0100,2026-03-24 15:00:00+0100,26.0,Long,SL,-0.01,70122.15,67916.14,70100.46,2206.01,3.146,H1_EMA100
1117,EMS-base,2026-03-25 02:00:00+0100,2026-03-25 04:00:00+0100,2.0,Long,SL,-1.0,70840.75,70476.9,70476.9,363.85,0.5136,STRUCTURAL_SL
1118,EMS-base,2026-03-30 05:30:00+0200,2026-03-30 20:00:00+0200,14.5,Long,SL,-0.37,67242.73,66111.11,66828.02,1131.62,1.6829,H1_EMA100
1119,EMS-base,2026-03-31 04:00:00+0200,2026-03-31 11:00:00+0200,7.0,Long,SL,-0.76,67938.05,66419.79,66778.33,1518.26,2.2348,H1_EMA100
1120,EMS-base,2026-03-31 19:30:00+0200,2026-04-02 04:00:00+0200,32.5,Long,SL,-0.51,68034.0,66703.3,67359.27,1330.7,1.9559,H1_EMA100
1121,EMS-base,2026-04-05 19:00:00+0200,2026-04-07 04:00:00+0200,33.0,Long,TP,2.29,67212.61,66693.91,68400.01,518.7,0.7717,H1_EMA100
1122,EMS-base,2026-04-07 23:30:00+0200,2026-04-12 04:00:00+0200,100.5,Long,TP,4.92,69591.77,69174.33,71643.69,417.44,0.5998,H1_EMA100
1123,EMS-base,2026-04-13 17:30:00+0200,2026-04-16 16:00:00+0200,70.5,Long,TP,3.16,71955.67,71375.24,73788.03,580.43,0.8066,H1_EMA100
1124,EMS-base,2026-04-16 21:30:00+0200,2026-04-18 14:00:00+0200,40.5,Long,TP,0.92,75018.0,73912.23,76039.05,1105.77,1.474,H1_EMA100
1125,EMS-base,2026-04-20 15:30:00+0200,2026-04-20 16:30:00+0200,1.0,Long,SL,-1.0,75192.8,74957.51,74957.51,235.29,0.3129,STRUCTURAL_SL
1126,EMS-base,2026-04-22 03:00:00+0200,2026-04-23 13:00:00+0200,34.0,Long,TP,0.97,76370.46,75302.01,77403.63,1068.45,1.399,H1_EMA100
1127,EMS-base,2026-04-23 18:30:00+0200,2026-04-23 19:30:00+0200,1.0,Long,SL,-1.0,78300.0,77379.92,77379.92,920.08,1.1751,STRUCTURAL_SL
1128,EMS-base,2026-04-24 01:00:00+0200,2026-04-24 05:00:00+0200,4.0,Long,SL,-1.0,78235.29,77863.5,77863.5,371.79,0.4752,STRUCTURAL_SL
1129,EMS-base,2026-04-24 15:00:00+0200,2026-04-24 19:00:00+0200,4.0,Long,SL,-0.57,78275.65,77402.01,77777.28,873.64,1.1161,H1_EMA100
1130,EMS-base,2026-04-26 07:30:00+0200,2026-04-27 08:00:00+0200,24.5,Long,SL,-0.41,78100.38,77326.51,77785.54,773.87,0.9909,H1_EMA100
1131,EMS-base,2026-04-29 07:00:00+0200,2026-04-29 16:00:00+0200,9.0,Long,SL,-0.56,77269.76,76402.72,76783.43,867.04,1.1221,H1_EMA100
1132,EMS-base,2026-05-11 14:30:00+0200,2026-05-11 15:30:00+0200,1.0,Long,SL,-1.0,81302.24,80900.0,80900.0,402.24,0.4947,STRUCTURAL_SL
